symbol,price,avg_volume,market_cap,name,exchange
NVDA,234.52499389648438,112688375.4,5663678791680.0,NVIDIA Corporation - Common Stock,NASDAQ
NU,13.345000267028809,101490860.4,64707080192.0,Nu Holdings Ltd. Class A Ordinary Shares,NYSE
INTC,119.73999786376953,93195782.0,633381126144.0,Intel Corporation - Common Stock,NASDAQ
SDEV,7.130000114440918,91782691.4,335327264.0,Stablecoin Development Corporation Common Stock,AMEX
SPCX,158.74000549316406,80921028.2,2096671752192.0,Space Exploration Technologies Corp. - Class A Common Stock,NASDAQ
NKE,33.529998779296875,63137707.8,49990049792.0,"Nike, Inc. Common Stock",NYSE
GRAB,3.0999999046325684,61738317.4,12678944768.0,Grab Holdings Limited - Class A Ordinary Shares,NASDAQ
NOK,10.5649995803833,57628886.6,59289649152.0,Nokia Corporation Sponsored American Depositary Shares,NYSE
AAL,12.973099708557129,57194679.0,8555961344.0,"American Airlines Group, Inc. - Common Stock",NASDAQ
WBD,30.94499969482422,49332513.4,77595885568.0,"Warner Bros. Discovery, Inc. - Series A Common Stock",NASDAQ
PLUG,1.8949999809265137,48543504.2,2647685120.0,"Plug Power, Inc. - Common Stock",NASDAQ
ONDS,7.175000190734863,47710852.4,4169229312.0,Ondas Inc - Common Stock,NASDAQ
AGNC,8.899999618530273,43685631.0,10535847936.0,AGNC Investment Corp. - Common Stock,NASDAQ
F,12.0600004196167,41482456.6,48210432000.0,Ford Motor Company Common Stock,NYSE
SOFI,15.835000038146973,41372939.8,20490762240.0,"SoFi Technologies, Inc.  - Common Stock",NASDAQ
RKT,11.774999618530273,40305732.0,33427539968.0,"Rocket Companies, Inc. Class A Common Stock",NYSE
RIG,5.170000076293945,38432131.2,5768685568.0,Transocean Ltd (Switzerland) Common Stock,NYSE
STLA,4.385000228881836,37528258.0,12720628736.0,Stellantis N.V. Common Shares,NYSE
CCL,25.670000076293945,37521127.8,34442190848.0,Carnival Corporation Ltd. Common Shares,NYSE
PCG,12.319999694824219,36996042.0,37034196992.0,Pacific Gas & Electric Co. Common Stock,NYSE
PATH,13.0600004196167,36797221.0,6840164864.0,"UiPath, Inc. Class A Common Stock",NYSE
AMC,2.734999895095825,36750974.2,2432347392.0,"AMC Entertainment Holdings, Inc. Class A Common Stock",NYSE
TSLA,371.07000732421875,36262017.8,1471996362752.0,"Tesla, Inc.  - Common Stock",NASDAQ
NFLX,66.88999938964844,35990888.0,279337893888.0,"Netflix, Inc. - Common Stock",NASDAQ
ITUB,8.454999923706055,35555841.0,93787316224.0,Itau Unibanco Banco Holding SA American Depositary Shares (Each repstg 500 Preferred shares),NYSE
BAC,53.65230178833008,35321429.2,375615488000.0,Bank of America Corporation Common Stock,NYSE
AAPL,332.94500732421875,35170185.0,4866429681664.0,Apple Inc. - Common Stock,NASDAQ
PACB,2.4798998832702637,34477298.4,780900096.0,"Pacific Biosciences of California, Inc. - Common Stock",NASDAQ
BBD,3.6080000400543213,33337788.4,38121033728.0,Banco Bradesco Sa American Depositary Shares,NYSE
CDE,17.704999923706055,33281307.4,18189309952.0,"Coeur Mining, Inc. Common Stock",NYSE
AMZN,250.75,32103340.4,2701863682048.0,"Amazon.com, Inc. - Common Stock",NASDAQ
MARA,11.21500015258789,31750820.4,4293716480.0,"MARA Holdings, Inc. - Common Stock",NASDAQ
HL,17.144500732421875,31399259.8,11506071552.0,Hecla Mining Company Common Stock,NYSE
SNAP,5.715000152587891,31208515.6,9589091328.0,Snap Inc. Class A Common Stock,NYSE
IREN,41.224998474121094,31059337.6,16205662208.0,IREN Limited - Ordinary Shares,NASDAQ
NIO,3.384999990463257,30697001.0,8506739712.0,"NIO Inc. American depositary shares, each  representing one Class A ordinary share",NYSE
RIVN,14.135000228881836,30314686.8,20639252480.0,"Rivian Automotive, Inc. - Class A Common Stock",NASDAQ
ORCL,141.62759399414062,30122209.8,430442840064.0,Oracle Corporation Common Stock,NYSE
CTVA,12.020000457763672,29791165.0,7996344320.0,"Corteva, Inc. Common Stock ",NYSE
AUR,5.605000019073486,29685207.8,11173165056.0,"Aurora Innovation, Inc.  - Class A Common Stock",NASDAQ
SMCI,43.55500030517578,29502956.2,28321718272.0,"Super Micro Computer, Inc. - Common Stock",NASDAQ
VALE,13.5600004196167,29372253.4,58112438272.0,VALE S.A.  American Depositary Shares Each Representing one common share,NYSE
BMNR,26.295000076293945,28992892.0,15756273664.0,"BitMine Immersion Technologies, Inc. Common Stock",NYSE
IOVA,14.204999923706055,28811696.2,6420870144.0,"Iovance Biotherapeutics, Inc. - Common Stock",NASDAQ
T,24.28499984741211,28688418.8,166889848832.0,AT&T Inc.,NYSE
OPEN,2.430000066757202,28521089.0,2358780928.0,Opendoor Technologies Inc  - Common Stock,NASDAQ
CIFR,15.604999542236328,28366757.4,6437499904.0,Cipher Digital Inc. - Common Stock,NASDAQ
PFE,27.514999389648438,28227190.2,157709975552.0,"Pfizer, Inc. Common Stock",NYSE
SMR,7.829999923706055,28155205.6,3203090176.0,NuScale Power Corporation Class A Common Stock,NYSE
PSKY,9.0600004196167,27930853.2,10290796544.0,Paramount Skydance Corporation - Class B Common Stock,NASDAQ
MU,1075.2099609375,27747758.4,1216531529728.0,"Micron Technology, Inc. - Common Stock",NASDAQ
HBAN,15.28499984741211,26439037.0,30902245376.0,Huntington Bancshares Incorporated - Common Stock,NASDAQ
GOOGL,343.010009765625,25146608.0,4193889550336.0,Alphabet Inc. - Class A Common Stock,NASDAQ
NCLH,14.99209976196289,24428278.0,6874041856.0,Norwegian Cruise Line Holdings Ltd. Ordinary Shares,NYSE
MDT,86.27999877929688,24046064.0,110459961344.0,Medtronic plc. Ordinary Shares,NYSE
CMCSA,21.46500015258789,23891368.4,76242460672.0,Comcast Corporation - Class A Common Stock,NASDAQ
EOSE,3.1689999103546143,23319500.8,1147638272.0,"Eos Energy Enterprises, Inc. - Common Stock",NASDAQ
DNN,2.5850000381469727,23179994.2,2321985792.0,Denison Mines Corp Ordinary Shares (Canada),AMEX
WULF,15.295000076293945,23172024.0,7629231104.0,TeraWulf Inc. - Common Stock,NASDAQ
NVTS,12.505000114440918,22589004.6,3274040576.0,Navitas Semiconductor Corporation - Common Stock,NASDAQ
BB,9.234999656677246,22351307.2,5402516480.0,BlackBerry Limited Common Stock,NYSE
IONQ,43.97999954223633,21760332.8,17803685888.0,"IonQ, Inc. Common Stock",NYSE
BTG,5.179999828338623,21636475.0,6836541440.0,B2Gold Corp Common shares (Canada),AMEX
CRWV,89.52999877929688,21255216.2,49252216832.0,"CoreWeave, Inc. - Class A Common Stock",NASDAQ
WMT,104.11499786376953,21254004.4,825545981952.0,Walmart Inc. - Common Stock,NASDAQ
HOOD,113.87879943847656,21037557.6,101749145600.0,"Robinhood Markets, Inc. - Class A Common Stock",NASDAQ
CAG,13.364999771118164,20878337.0,6409249792.0,"ConAgra Brands, Inc. Common Stock",NYSE
QXO,12.015000343322754,20854084.4,12465451008.0,"QXO, Inc. Common Stock",NYSE
RKLB,73.47000122070312,20521088.4,46932770816.0,Rocket Lab Corporation - Common Stock,NASDAQ
KEEL,3.6050000190734863,20187132.8,2207824128.0,Keel Infrastructure Corp. - Common Stock,NASDAQ
AVGO,354.2200012207031,20088273.4,1693994188800.0,Broadcom Inc. - Common Stock,NASDAQ
INFY,11.069999694824219,19797458.4,44736045056.0,Infosys Limited American Depositary Shares,NYSE
JOBY,5.92110013961792,19725406.2,5893080576.0,"Joby Aviation, Inc. Common Stock",NYSE
RXRX,4.065000057220459,19634295.6,2179941888.0,"Recursion Pharmaceuticals, Inc. - Class A Common Stock",NASDAQ
MSFT,515.1649780273438,19430100.6,3825047175168.0,Microsoft Corporation - Common Stock,NASDAQ
HLN,8.78499984741211,19408251.4,38721212416.0,Haleon plc American Depositary Shares (Each representing two Ordinary Shares),NYSE
ACHR,4.90500020980835,19393475.4,3742330368.0,Archer Aviation Inc. Class A Common Stock,NYSE
HPE,69.86499786376953,19168463.6,93160284160.0,Hewlett Packard Enterprise Company Common Stock,NYSE
TTD,11.9350004196167,18699906.0,5607349760.0,"The Trade Desk, Inc. - Class A Common Stock",NASDAQ
PBR,21.420000076293945,18584880.6,138618322944.0,Petroleo Brasileiro S.A. Petrobras ADS,NYSE
LYG,5.487800121307373,18199068.2,79002148864.0,Lloyds Banking Group Plc American Depositary Shares,NYSE
META,728.3200073242188,18108058.4,1852979544064.0,"Meta Platforms, Inc. - Class A Common Stock",NASDAQ
MSTR,156.76370239257812,18020318.4,62450360320.0,Strategy Inc - Class A Common Stock,NASDAQ
KVUE,17.209999084472656,17955493.6,33104533504.0,Kenvue Inc. Common Stock,NYSE
OWL,9.140000343322754,17371913.4,14362989568.0,Blue Owl Capital Inc. Class A Common Stock,NYSE
NLY,18.65999984741211,17367490.8,14083153920.0,Annaly Capital Management Inc. Common Stock,NYSE
TE,3.9149999618530273,17327085.4,1145513600.0,T1 Energy Inc. Common Stock,NYSE
VZ,45.880001068115234,17319352.8,190995021824.0,Verizon Communications Inc. Common Stock,NYSE
AMD,631.60498046875,17279201.8,1030907953152.0,"Advanced Micro Devices, Inc. - Common Stock",NASDAQ
COMP,9.29520034790039,17147528.2,7154447360.0,"Compass, Inc. Class A Common Stock",NYSE
CMG,32.165000915527344,17045539.6,40499703808.0,"Chipotle Mexican Grill, Inc. Common Stock",NYSE
QSI,1.4809000492095947,17031143.2,331609120.0,Quantum-Si Incorporated - Class A Common Stock,NASDAQ
BTBT,1.6150000095367432,16921429.4,578816768.0,"Bit Digital, Inc. - Ordinary Share",NASDAQ
APLD,25.239999771118164,16871884.6,7495110144.0,Applied Digital Corporation - Common Stock,NASDAQ
BTE,4.640100002288818,16812830.6,3237156096.0,Baytex Energy Corp Common Shares,NYSE
CYPH,3.1600000858306885,16690882.4,325248992.0,Cypherpunk Technologies Inc. - Common Stock,NASDAQ
GOOG,339.8351135253906,16654200.6,4154998128640.0,Alphabet Inc. - Class C Capital Stock,NASDAQ
DKNG,18.885000228881836,16643248.0,9395392512.0,DraftKings Inc. - Class A Common Stock,NASDAQ
BSX,43.029998779296875,16608456.0,61976301568.0,Boston Scientific Corporation Common Stock,NYSE
ORBS,1.1749999523162842,16464387.6,496392896.0,Eightco Holdings Inc. - Common Stock,NASDAQ
CLF,11.46500015258789,16437229.6,6554592256.0,Cleveland-Cliffs Inc. Common Stock,NYSE
ABEV,2.944999933242798,16224249.6,45401554944.0,Ambev S.A. American Depositary Shares (Each representing 1 Common Share),NYSE
IBRX,10.095000267028809,16198530.8,10741440512.0,"ImmunityBio, Inc. - Common Stock",NASDAQ
PLTR,189.60000610351562,16194967.0,455595851776.0,Palantir Technologies Inc. - Class A Common Stock,NASDAQ
FRMI,4.074999809265137,15435756.2,2603499776.0,Fermi Inc. - Common Stock,NASDAQ
SOUN,5.835000038146973,15403779.2,2591394560.0,"SoundHound AI, Inc. - Class A Common Stock",NASDAQ
SLB,48.970001220703125,15302900.0,72678498304.0,SLB Limited Common Shares,NYSE
BE,291.20001220703125,15201503.8,85361393664.0,Bloom Energy Corporation Class A Common Stock,NYSE
GEN,22.114999771118164,15173196.6,13276659712.0,Gen Digital Inc. - Common Stock,NASDAQ
MRVL,272.44000244140625,15118371.2,246164275200.0,"Marvell Technology, Inc. - Common Stock",NASDAQ
JBLU,4.153800010681152,15069645.6,1563959040.0,JetBlue Airways Corporation - Common Stock,NASDAQ
UBER,68.17500305175781,14949016.2,139123458048.0,"Uber Technologies, Inc. Common Stock",NYSE
BBAI,2.5899999141693115,14577531.2,1241890688.0,"BigBear.ai, Inc. Common Stock",NYSE
CPNG,13.635000228881836,14495954.8,24484675584.0,"Coupang, Inc. Class A Common Stock",NYSE
KO,85.50509643554688,14462640.6,368491790336.0,Coca-Cola Company (The) Common Stock,NYSE
PURR,12.074999809265137,14136671.0,2353278464.0,Hyperliquid Strategies Inc - Common Stock,NASDAQ
MRNA,187.89999389648438,14085627.8,75389714432.0,"Moderna, Inc. - Common Stock",NASDAQ
CLSK,12.585000038146973,14019273.0,3211497472.0,"CleanSpark, Inc. - Common Stock",NASDAQ
MAT,14.795000076293945,14014463.4,4261215488.0,"Mattel, Inc. - Common Stock",NASDAQ
RIOT,19.524999618530273,13865651.6,7293157376.0,"Riot Platforms, Inc. - Common Stock",NASDAQ
CSCO,111.78710174560547,13689325.6,441155747840.0,"Cisco Systems, Inc. - Common Stock",NASDAQ
NEE,76.91500091552734,13465556.2,160101498880.0,"NextEra Energy, Inc. Common Stock",NYSE
ABUS,4.425000190734863,13457469.2,871665280.0,Arbutus Biopharma Corporation - Common Stock,NASDAQ
SKHY,194.14999389648438,13440838.2,1382188580864.0,SK hynix Inc. - American Depositary Shares,NASDAQ
RBLX,44.189998626708984,13345870.4,31321812992.0,Roblox Corporation Class A Common Stock,NYSE
KEY,20.05500030517578,13239606.4,21411936256.0,KeyCorp Common Stock,NYSE
WFC,80.32499694824219,13091857.2,242781782016.0,Wells Fargo & Company Common Stock,NYSE
KOS,2.490000009536743,12903713.8,1476809472.0,Kosmos Energy Ltd. Common Shares (DE),NYSE
NBIS,242.38999938964844,12574882.2,61450977280.0,Nebius Group N.V. - Class A Ordinary Shares,NASDAQ
QBTS,16.1200008392334,12480182.8,6094905344.0,D-Wave Quantum Inc. - Common Stock,NASDAQ
LUMN,5.739999771118164,12468004.8,5930470400.0,"Lumen Technologies, Inc. Common Stock",NYSE
RGTI,15.369999885559082,12418448.2,5115005952.0,"Rigetti Computing, Inc.  - Common stock",NASDAQ
NVO,37.185001373291016,12416410.0,164546592768.0,Novo Nordisk A/S Common Stock,NYSE
CNH,13.354999542236328,12378567.0,21436755968.0,CNH Industrial N.V. Common Shares,NYSE
RDW,10.78499984741211,12263593.6,2693670144.0,Redwire Corporation Common Stock,NYSE
ASTS,58.790000915527344,12027405.6,22814982144.0,"AST SpaceMobile, Inc. - Class A Common Stock",NASDAQ
BMY,60.775001525878906,11982267.0,123982561280.0,Bristol-Myers Squibb Company Common Stock,NYSE
EQX,10.984999656677246,11917233.4,12853733376.0,Equinox Gold Corp. Common Shares,AMEX
USAR,13.604999542236328,11908541.2,5107969024.0,"USA Rare Earth, Inc. - Common Stock",NASDAQ
HTZ,1.7300000190734863,11848394.4,620225408.0,"Hertz Global Holdings, Inc - Common Stock",NASDAQ
GIS,31.934999465942383,11787863.2,17198479360.0,"General Mills, Inc. Common Stock",NYSE
BA,192.5850067138672,11751254.6,153385615360.0,Boeing Company (The) Common Stock,NYSE
HPQ,32.30500030517578,11737409.0,29118920704.0,HP Inc. Common Stock,NYSE
GGB,4.964799880981445,11697280.8,9733678080.0,Gerdau S.A. Common Stock,NYSE
QS,4.585000038146973,11634942.8,2811213056.0,QuantumScape Corporation - Common Stock,NASDAQ
ACN,198.96499633789062,11629623.6,122076332032.0,Accenture plc Class A Ordinary Shares (Ireland),NYSE
UAA,4.614999771118164,11611555.0,1993091200.0,"Under Armour, Inc. Class A Common Stock",NYSE
SMMT,16.764999389648438,11570371.4,13346351104.0,Summit Therapeutics Inc.  - Common Stock,NASDAQ
APH,87.12000274658203,11477976.6,214613098496.0,Amphenol Corporation Common Stock,NYSE
KHC,22.139999389648438,11454706.6,26331215872.0,The Kraft Heinz Company Common Stock,NYSE
UEC,9.3100004196167,11325560.8,4584207872.0,Uranium Energy Corp. Common Stock,AMEX
WIT,1.725000023841858,11314120.4,17066179584.0,Wipro Limited Common Stock,NYSE
EXC,40.790000915527344,11254368.2,41955442688.0,Exelon Corporation - Common Stock,NASDAQ
FCX,71.66500091552734,11105497.6,103055794176.0,"Freeport-McMoRan, Inc. Common Stock",NYSE
CORZ,16.485000610351562,11074086.8,5253916672.0,"Core Scientific, Inc. - Common Stock",NASDAQ
KOD,90.84500122070312,10986322.6,5870768128.0,Kodiak Sciences Inc - Common Stock,NASDAQ
KDP,30.46500015258789,10782214.0,41620860928.0,Keurig Dr Pepper Inc. - Common Stock,NASDAQ
UWMC,1.2350000143051147,10697586.0,1992632320.0,UWM Holdings Corporation Class A Common Stock,NYSE
ON,83.33499908447266,10624229.0,32547037184.0,ON Semiconductor Corporation - Common Stock,NASDAQ
RF,27.100000381469727,10545528.8,23112847360.0,Regions Financial Corporation Common Stock,NYSE
MPT,3.2699999809265137,10472223.0,1949858048.0,"Medical Properties Trust, Inc. common stock",NYSE
XOM,164.21499633789062,10464423.6,676409507840.0,ExxonMobil Holdings Corporation Common Stock,NYSE
LQDA,28.790000915527344,10413066.0,2492375040.0,Liquidia Corporation - Common Stock,NASDAQ
VFC,14.145000457763672,10328152.2,5564819456.0,V.F. Corporation Common Stock,NYSE
GERN,1.215000033378601,10321117.4,777392832.0,Geron Corporation - Common Stock,NASDAQ
VG,13.265000343322754,10236761.6,33113731072.0,"Venture Global, Inc. Class A common stock",NYSE
PINS,19.2450008392334,10229657.8,10769025024.0,"Pinterest, Inc. Class A Common Stock",NYSE
VTRS,17.434999465942383,10200665.0,20186484736.0,Viatris Inc. - Common Stock,NASDAQ
BTDR,11.055000305175781,10183946.6,2974656512.0,Bitdeer Technologies Group - Ordinary Shares,NASDAQ
ACVA,10.449999809265137,10183880.0,1825285120.0,ACV Auctions Inc. Class A Common Stock,NYSE
MNST,42.599998474121094,10116757.0,83680894976.0,Monster Beverage Corporation - Common Stock,NASDAQ
ENVX,2.8201000690460205,10114960.2,621039296.0,Enovix Corporation - Common Stock,NASDAQ
SID,1.1299999952316284,10098716.0,1498486144.0,Companhia Siderurgica Nacional S.A. Common Stock,NYSE
HDB,22.264999389648438,9934038.0,114430795776.0,HDFC Bank Limited Common Stock,NYSE
QCOM,185.3000030517578,9927880.8,198242713600.0,QUALCOMM Incorporated - Common Stock,NASDAQ
VYLR,70.0,9926839.0,46126600192.0,Vylor Inc. Common Stock,NYSE
KMI,30.96500015258789,9851571.0,68980727808.0,"Kinder Morgan, Inc. Common Stock",NYSE
CRM,234.0,9840210.6,192797622272.0,"Salesforce, Inc. Common Stock",NYSE
MDLN,35.380001068115234,9792646.6,47534157824.0,Medline Inc. - Class A common stock,NASDAQ
CVNA,63.97999954223633,9791380.4,71091322880.0,Carvana Co. Class A Common Stock,NYSE
ET,20.375,9733722.0,70122799104.0,Energy Transfer LP Common Units ,NYSE
COUR,5.070899963378906,9665598.2,1339186048.0,"Coursera, Inc. Common Stock",NYSE
CBRS,168.47999572753906,9637509.2,39378616320.0,Cerebras Systems Inc. - Class A Common Stock,NASDAQ
CSX,47.334999084472656,9580640.8,87751729152.0,CSX Corporation - Common Stock,NASDAQ
AG,17.575000762939453,9521584.2,8689938432.0,First Majestic Silver Corp. Ordinary Shares (Canada),NYSE
U,44.07500076293945,9485406.8,19388116992.0,Unity Software Inc. Common Stock,NYSE
HAL,31.979999542236328,9474981.4,26745257984.0,Halliburton Company Common Stock,NYSE
BULL,7.429999828338623,9430767.8,3922905600.0,Webull Corporation - Class A Ordinary Shares,NASDAQ
VLY,12.795000076293945,9423134.4,7087162368.0,Valley National Bancorp - Common Stock,NASDAQ
FIG,21.274999618530273,9399854.4,11373204480.0,"Figma, Inc. Class A Common Stock",NYSE
ALHC,7.90500020980835,9375108.6,1631477376.0,"Alignment Healthcare, Inc. - Common Stock",NASDAQ
OXY,57.6349983215332,9356799.4,57884000256.0,Occidental Petroleum Corporation Common Stock,NYSE
HIVE,2.9200000762939453,9313036.0,798174464.0,HIVE Digital Technologies Ltd - Common Shares,NASDAQ
VICI,22.75,9291939.8,25032996864.0,VICI Properties Inc. Common Stock,NYSE
GME,24.420000076293945,9287162.8,12324959232.0,GameStop Corporation Common Stock,NYSE
WDC,421.0450134277344,9249868.6,149350465536.0,Western Digital Corporation - Common Stock,NASDAQ
CRCL,80.69000244140625,9240739.4,21923383296.0,"Circle Internet Group, Inc. Class A Common Stock",NYSE
NOW,135.21499633789062,9231891.8,139519672320.0,"ServiceNow, Inc. Common Stock",NYSE
PL,17.390899658203125,9150414.4,6396447744.0,Planet Labs PBC Class A Common Stock,NYSE
SOC,3.5450000762939453,9104895.8,684015040.0,Sable Offshore Corp. Common Stock,NYSE
STM,56.779998779296875,9052598.4,50900774912.0,STMicroelectronics N.V. Common Stock,NYSE
AES,14.90999984741211,9025468.6,10635035648.0,The AES Corporation Common Stock,NYSE
ROL,30.219999313354492,8947929.8,14518562816.0,"Rollins, Inc. Common Stock",NYSE
KDK,1.6449999809265137,8947146.8,328010720.0,"Kodiak AI, Inc. - Common Stock",NASDAQ
C,128.3000030517578,8929114.4,215674257408.0,"Citigroup, Inc. Common Stock",NYSE
O,54.01499938964844,8860071.2,51067387904.0,Realty Income Corporation Common Stock,NYSE
JHX,25.309999465942383,8853907.0,14695927808.0,James Hardie Industries plc. Ordinary Shares,NYSE
PYPL,52.82500076293945,8690603.2,45561008128.0,"PayPal Holdings, Inc. - Common Stock",NASDAQ
QURE,23.450000762939453,8682594.2,1619705856.0,uniQure N.V. - Ordinary Shares,NASDAQ
CCC,6.485000133514404,8680959.0,3857915392.0,CCC Intelligent Solutions Holdings Inc. - Common Stock,NASDAQ
DIS,102.26000213623047,8674475.0,176830185472.0,Walt Disney Company (The) Common Stock,NYSE
ONON,30.610000610351562,8651388.0,10288798720.0,On Holding AG Class A Ordinary Shares,NYSE
TSCO,31.31999969482422,8559863.2,16269477888.0,Tractor Supply Company - Common Stock,NASDAQ
HIMS,28.844999313354492,8473667.2,6703094272.0,"Hims & Hers Health, Inc. Class A Common Stock",NYSE
ACCV,17.65999984741211,8420789.333333334,3942687744.0,Accelevation Holdings Corp. - Class A ordinary shares,NASDAQ
PPL,32.869998931884766,8413126.2,24675946496.0,PPL Corporation Common Stock,NYSE
HST,22.55500030517578,8389571.8,15676503040.0,"Host Hotels & Resorts, Inc. - Common Stock",NASDAQ
LCID,4.114999771118164,8376949.8,1625419520.0,"Lucid Group, Inc. - Common Stock",NASDAQ
DOW,27.9950008392334,8370369.0,20243599360.0,Dow Inc. Common Stock ,NYSE
RITM,8.75,8353669.2,4883269632.0,Rithm Capital Corp. Common Stock,NYSE
CTSH,58.88999938964844,8332228.8,27810033664.0,Cognizant Technology Solutions Corporation - Class A Common Stock,NASDAQ
PTON,4.934999942779541,8330517.0,2178998528.0,"Peloton Interactive, Inc. - Common Stock",NASDAQ
TSM,471.2250061035156,8317023.8,2449208770560.0,Taiwan Semiconductor Manufacturing Company Ltd.,NYSE
AAOI,115.02999877929688,8221300.8,9745543168.0,"Applied Optoelectronics, Inc. - Common Stock",NASDAQ
FRVO,14.760000228881836,8178601.0,4347757056.0,Fervo Energy Company - Class A common stock,NASDAQ
FPS,40.244998931884766,8126064.4,12832758784.0,"Forgent Power Solutions, Inc. Class A Common Stock",NYSE
DVN,47.380001068115234,8124430.6,52156502016.0,Devon Energy Corporation Common Stock,NYSE
WY,18.604999542236328,8116382.0,13340823552.0,Weyerhaeuser Company Common Stock,NYSE
XP,21.5049991607666,8096491.8,10955694080.0,XP Inc. - Class A Common Stock,NASDAQ
KR,58.880001068115234,8077899.2,34818154496.0,Kroger Company (The) Common Stock,NYSE
TOST,30.0,8069949.6,17342889984.0,"Toast, Inc. Class A Common Stock",NYSE
YMM,8.175000190734863,8044226.2,8550185472.0,Full Truck Alliance Co. Ltd. American Depositary Shares (each representing 20 Class A Ordinary Shares),NYSE
ORC,5.159999847412109,8031688.6,1016647680.0,"Orchid Island Capital, Inc. Common Stock",NYSE
RZLV,2.0799999237060547,7937888.6,860834304.0,Rezolve AI PLC - Ordinary Shares,NASDAQ
CHWY,18.145000457763672,7900097.0,7305027584.0,"Chewy, Inc. Class A Common Stock",NYSE
SHEL,96.05500030517578,7875803.6,274163449856.0,Shell PLC American Depositary Shares (each representing two (2) Ordinary Shares) ,NYSE
CRDO,218.80999755859375,7873545.8,41177935872.0,Credo Technology Group Holding Ltd - Ordinary Shares,NASDAQ
B,40.010101318359375,7822618.6,65958817792.0,Barrick Mining Corporation Common Shares,NYSE
GT,4.90500020980835,7818019.6,1403506432.0,The Goodyear Tire & Rubber Company - Common Stock,NASDAQ
WU,6.025000095367432,7751489.2,1883748992.0,Western Union Company (The) Common Stock,NYSE
S,25.274999618530273,7750693.2,8765617152.0,"SentinelOne, Inc. Class A Common Stock",NYSE
LUNR,14.649999618530273,7740170.2,2365506816.0,"Intuitive Machines, Inc. - Class A Common Stock",NASDAQ
UMC,26.209999084472656,7682324.8,65857679360.0,United Microelectronics Corporation (NEW) Common Stock,NYSE
EXK,8.53499984741211,7638175.2,2533516032.0,Endeavour Silver Corporation Ordinary Shares (Canada),NYSE
MDB,357.31500244140625,7627759.6,28765460480.0,"MongoDB, Inc. - Class A Common Stock",NASDAQ
USB,57.564998626708984,7623698.4,89724444672.0,U.S. Bancorp Common Stock,NYSE
PR,22.059999465942383,7620128.0,18539325440.0,Permian Resources Corporation Class A Common Stock,NYSE
LRCX,349.0849914550781,7617122.8,435914899456.0,Lam Research Corporation - Common Stock,NASDAQ
JPM,331.17999267578125,7601946.0,881348247552.0,JP Morgan Chase & Co. Common Stock,NYSE
AXTI,85.91999816894531,7582223.4,5598312960.0,AXT Inc - Common Stock,NASDAQ
TU,8.055000305175781,7566532.0,12726000640.0,Telus Corporation Ordinary Shares,NYSE
GM,78.33000183105469,7532802.6,71035625472.0,General Motors Company Common Stock,NYSE
MDLZ,58.10499954223633,7467453.8,74714841088.0,"Mondelez International, Inc. - Class A Common Stock",NASDAQ
PEP,125.55000305175781,7452707.2,171801821184.0,"PepsiCo, Inc. - Common Stock",NASDAQ
AMPX,9.604999542236328,7439792.6,1404565120.0,"Amprius Technologies, Inc. Common Stock",NYSE
URG,1.0549999475479126,7431025.0,421735520.0,Ur Energy Inc Common Shares (Canada),AMEX
ERIC,9.28499984741211,7422783.4,30312046592.0,Ericsson - American Depositary Shares each representing 1 underlying Class B share,NASDAQ
MRK,143.4550018310547,7412840.2,354261172224.0,"Merck & Company, Inc. Common Stock (new)",NYSE
BP,44.79999923706055,7385102.0,115285196800.0,BP p.l.c. Common Stock,NYSE
OKLO,36.0099983215332,7383365.4,6667375104.0,Oklo Inc. Class A common stock,NYSE
AVTR,15.244999885559082,7361314.8,10311090176.0,"Avantor, Inc. Common Stock",NYSE
POET,7.815000057220459,7355664.0,1350718336.0,POET Technologies Inc. - Common Shares,NASDAQ
MOS,21.235000610351562,7292816.6,6779124736.0,Mosaic Company (The) Common Stock,NYSE
DX,11.092499732971191,7269900.2,2741519360.0,"Dynex Capital, Inc. Common Stock",NYSE
FSM,11.154999732971191,7247251.2,3302913792.0,Fortuna Mining Corp. Common Shares,NYSE
COIN,182.1199951171875,7230229.0,47891652608.0,"Coinbase Global, Inc. - Class A Common Stock",NASDAQ
KLAC,206.11500549316406,7183389.4,269314179072.0,KLA Corporation  - Common Stock,NASDAQ
SAN,13.300000190734863,7143148.2,193019625472.0,"Banco Santander, S.A. Sponsored ADR (Spain)",NYSE
PTEN,11.1850004196167,7116313.0,4249819648.0,"Patterson-UTI Energy, Inc. - Common Stock",NASDAQ
CRWD,268.7409973144531,7114925.4,274588614656.0,"CrowdStrike Holdings, Inc. - Class A Common Stock",NASDAQ
ADT,6.284999847412109,7101160.4,4576953344.0,ADT Inc. Common Stock,NYSE
ABT,97.27999877929688,7086795.2,169670017024.0,Abbott Laboratories Common Stock,NYSE
CPRT,27.375,7082873.4,25302716416.0,"Copart, Inc. - Common Stock",NASDAQ
CCO,2.390000104904175,7081572.8,1216734336.0,"Clear Channel Outdoor Holdings, Inc. Common Stock",NYSE
PG,144.50160217285156,7076120.2,336101408768.0,Procter & Gamble Company (The) Common Stock,NYSE
CPB,19.575000762939453,7066495.2,5852855808.0,The Campbell's Company - Common Stock,NASDAQ
CVS,85.9800033569336,7054217.4,110330380288.0,CVS Health Corporation Common Stock,NYSE
LAC,2.5299999713897705,7049924.2,922129088.0,Lithium Americas Corp. Common Shares,NYSE
GAP,22.415000915527344,7033495.8,7878989312.0,"Gap, Inc. (The) Common Stock",NYSE
SCHW,97.08999633789062,7019083.8,167399702528.0,Charles Schwab Corporation (The) Common Stock,NYSE
GENI,6.114999771118164,7003691.6,1625833728.0,Genius Sports Limited Ordinary Shares,NYSE
LYFT,15.329999923706055,6993647.2,5823841792.0,"Lyft, Inc. - Class A Common Stock",NASDAQ
COHR,334.19000244140625,6946920.4,65626320896.0,Coherent Corp. Common Stock,NYSE
XPEV,9.210000038146973,6939007.8,8856494080.0,"XPeng Inc. American depositary shares, each representing two Class A ordinary shares",NYSE
SNDK,1723.3399658203125,6933062.8,252122562560.0,Sandisk Corporation - Common Stock When-Issued,NASDAQ
CRH,82.08999633789062,6922213.4,54696361984.0,CRH PLC Ordinary Shares,NYSE
NUAI,6.304999828338623,6918981.8,747129920.0,"New Era Energy & Digital, Inc. - Common Stock",NASDAQ
TJX,132.77000427246094,6907855.8,146544558080.0,"TJX Companies, Inc. (The) Common Stock",NYSE
VKTX,30.104999542236328,6904652.8,3768145664.0,"Viking Therapeutics, Inc. - Common Stock",NASDAQ
FISV,44.34000015258789,6854195.2,23700842496.0,"Fiserv, Inc. - Common Stock",NASDAQ
TFC,46.43000030517578,6827822.0,56817836032.0,Truist Financial Corporation Common Stock,NYSE
CVE,32.375,6807546.6,59735093248.0,Cenovus Energy Inc Common Stock,NYSE
PCT,4.425000190734863,6806845.4,891012864.0,"PureCycle Technologies, Inc. - Common stock",NASDAQ
FITB,50.939998626708984,6801161.6,46248820736.0,Fifth Third Bancorp Common Stock,NYSE
BKNG,159.07000732421875,6780467.4,123275411456.0,Booking Holdings Inc. - Common Stock,NASDAQ
GLW,163.7550048828125,6754970.2,140567986176.0,Corning Incorporated Common Stock,NYSE
SO,83.7300033569336,6750383.8,96250871808.0,Southern Company (The) Common Stock,NYSE
MCHP,81.55500030517578,6713457.6,44388249600.0,Microchip Technology Incorporated - Common Stock,NASDAQ
NEOG,12.319999694824219,6679459.8,2694699520.0,Neogen Corporation - Common Stock,NASDAQ
FAST,50.625,6671551.2,58092064768.0,Fastenal Company - Common Stock,NASDAQ
STWD,13.100000381469727,6646650.0,4973074432.0,"STARWOOD PROPERTY TRUST, INC. Starwood Property Trust Inc.",NYSE
STUB,5.425000190734863,6637901.0,2067106560.0,"StubHub Holdings, Inc. Class A Common Stock",NYSE
BCRX,8.085000038146973,6609999.0,2076222720.0,"BioCryst Pharmaceuticals, Inc. - Common Stock",NASDAQ
OCUL,6.994999885559082,6562645.6,1535136896.0,"Ocular Therapeutix, Inc. - Common Stock",NASDAQ
FIS,32.45000076293945,6553832.8,16839922688.0,"Fidelity National Information Services, Inc. Common Stock",NYSE
KGC,24.020000457763672,6521052.6,28582469632.0,Kinross Gold Corporation Common Stock,NYSE
ASAN,8.524999618530273,6519222.6,1949680640.0,"Asana, Inc. Class A Common Stock",NYSE
UUUU,10.744999885559082,6507191.8,2837048832.0,Energy Fuels Inc Ordinary Shares (Canada),AMEX
MNKD,3.7149999141693115,6481623.6,1202576384.0,MannKind Corporation - Common Stock,NASDAQ
SHOP,151.49000549316406,6474806.4,194887958528.0,Shopify Inc. - Class A Subordinate Voting Shares,NASDAQ
LEN,79.97000122070312,6473585.6,19278837760.0,Lennar Corporation Class A Common Stock,NYSE
WMB,70.13999938964844,6461274.6,86123225088.0,"Williams Companies, Inc. (The) Common Stock",NYSE
ASX,47.275001525878906,6451285.8,122958094336.0,"ASE Technology Holding Co., Ltd. American Depositary Shares (each representing Two Common Shares) ",NYSE
PSEC,2.0399999618530273,6434480.8,1082580608.0,Prospect Capital Corporation - Closed End Fund,NASDAQ
VIAV,47.310001373291016,6420384.0,11658929152.0,Viavi Solutions Inc. - Common Stock,NASDAQ
ABCL,13.800000190734863,6419918.0,4462132224.0,AbCellera Biologics Inc. - Common Shares,NASDAQ
EQT,49.900001525878906,6403294.8,31332098048.0,EQT Corporation Common Stock,NYSE
AIG,75.02999877929688,6402551.8,39295422464.0,"American International Group, Inc. New Common Stock",NYSE
RUN,7.724999904632568,6380008.0,1858134400.0,Sunrun Inc. - Common Stock,NASDAQ
XERS,9.140000343322754,6376565.6,1669142272.0,"Xeris Biopharma Holdings, Inc. - Common Stock",NASDAQ
XNDU,4.309999942779541,6294913.4,1308891264.0,Xanadu Quantum Technologies Limited - Class B Subordinate Voting Shares,NASDAQ
JNJ,255.48500061035156,6272928.4,615416004608.0,Johnson & Johnson Common Stock,NYSE
CVX,206.97500610351562,6254570.6,406248062976.0,Chevron Corporation Common Stock,NYSE
CX,9.510000228881836,6239607.6,13765766144.0,"Cemex, S.A.B. de C.V. Sponsored ADR",NYSE
FLO,5.554999828338623,6226145.6,1180099584.0,"Flowers Foods, Inc. Common Stock",NYSE
ABAT,2.2149999141693115,6217384.6,312958176.0,American Battery Technology Company - Common Stock,NASDAQ
BAX,23.460899353027344,6208613.2,12128261120.0,Baxter International Inc. Common Stock,NYSE
ABR,3.6549999713897705,6202615.4,732862656.0,Arbor Realty Trust Common Stock,NYSE
BABA,105.94000244140625,6178270.8,263688536064.0,Alibaba Group Holding Limited American Depositary Shares each representing eight Ordinary share,NYSE
ARRY,3.9809000492095947,6167625.8,614490688.0,"Array Technologies, Inc. - Common Stock",NASDAQ
CAPR,9.029999732971191,6160657.0,522570688.0,"Capricor Therapeutics, Inc. - Common Stock",NASDAQ
AEO,17.674999237060547,6147850.2,2961858560.0,"American Eagle Outfitters, Inc. Common Stock",NYSE
SBET,9.319999694824219,6123132.2,2020179584.0,"Sharplink, Inc. - Common Stock",NASDAQ
ZETA,32.47999954223633,6053477.4,8175513088.0,Zeta Global Holdings Corp. Class A Common Stock,NYSE
DAL,83.87000274658203,6047331.2,55148269568.0,"Delta Air Lines, Inc. Common Stock",NYSE
INTR,5.434999942779541,6019881.6,2406248448.0,Inter & Co. Inc. - Class A Common Shares,NASDAQ
CNP,37.584999084472656,6012333.4,24748120064.0,"CenterPoint Energy, Inc (Holding Co) Common Stock",NYSE
M,22.627500534057617,5999536.8,5920221184.0,Macy's Inc Common Stock,NYSE
GPK,8.859999656677246,5986673.2,2620082688.0,Graphic Packaging Holding Company,NYSE
ACI,11.744999885559082,5958291.4,5735305216.0,"Albertsons Companies, Inc. Class A Common Stock",NYSE
KMX,54.33000183105469,5950300.4,7795498496.0,CarMax Inc,NYSE
CELH,26.844999313354492,5934377.8,6773292544.0,"Celsius Holdings, Inc. - Common Stock",NASDAQ
SG,8.970000267028809,5929391.8,1073157440.0,"Sweetgreen, Inc. Class A Common Stock",NYSE
VRRM,2.9100000858306885,5921200.8,441510016.0,Verra Mobility Corporation - Class A Common Stock,NASDAQ
AKAM,111.20999908447266,5907963.8,15982005248.0,"Akamai Technologies, Inc. - Common Stock",NASDAQ
BN,37.09000015258789,5867602.2,82753265664.0,Brookfield Corporation Class A Limited Voting Shares,NYSE
BKR,56.029998779296875,5853734.0,55515295744.0,Baker Hughes Company - Common Stock,NASDAQ
AMAT,539.4500122070312,5847880.8,426066608128.0,"Applied Materials, Inc. - Common Stock",NASDAQ
RCAT,6.324999809265137,5827871.6,967445504.0,"Red Cat Holdings, Inc. - Common Stock",NASDAQ
APA,43.38999938964844,5805742.0,15185986560.0,APA Corporation - Common Stock,NASDAQ
BEKE,16.46500015258789,5796197.4,18109865984.0,KE Holdings Inc American Depositary Shares (each representing three Class A Ordinary Shares),NYSE
MGY,24.094999313354492,5791156.4,6633885696.0,Magnolia Oil & Gas Corporation Class A Common Stock,NYSE
JD,25.764999389648438,5776181.2,34836148224.0,"JD.com, Inc. - American Depositary Shares",NASDAQ
CABA,1.8700000047683716,5775157.2,322984064.0,"Cabaletta Bio, Inc. - Common Stock",NASDAQ
CARR,55.25,5774108.8,45939404800.0,Carrier Global Corporation Common Stock ,NYSE
COP,126.83999633789062,5771284.6,152383651840.0,ConocoPhillips Common Stock,NYSE
VISN,6.151700019836426,5753964.2,1426424320.0,"Vistance Networks, Inc.  - Common Stock",NASDAQ
SBS,5.325900077819824,5736792.8,18743089152.0,Companhia de saneamento Basico Do Estado De Sao Paulo - Sabesp American Depositary Shares (Each repstg 250 Common Shares),NYSE
MO,67.21499633789062,5733082.4,112123305984.0,"Altria Group, Inc.",NYSE
MS,190.89999389648438,5715444.4,300198035456.0,Morgan Stanley Common Stock,NYSE
VST,137.2100067138672,5690802.2,45968601088.0,Vistra Corp. Common Stock,NYSE
APP,271.6000061035156,5689753.6,90696982528.0,Applovin Corporation - Class A Common Stock,NASDAQ
BX,113.31999969482422,5684518.2,134901309440.0,Blackstone Inc. Common Stock,NYSE
CRBG,34.20500183105469,5669794.0,15276623872.0,Corebridge Financial Inc. Common Stock,NYSE
GFI,35.34000015258789,5633746.8,31502100480.0,Gold Fields Limited American Depositary Shares,NYSE
ASST,29.690000534057617,5631425.4,2867054592.0,"Strive, Inc. - Class A Common Stock",NASDAQ
MGM,30.385000228881836,5629876.6,7696222208.0,MGM Resorts International Common Stock,NYSE
DELL,565.4500122070312,5616701.8,359533019136.0,Dell Technologies Inc. Class C Common Stock ,NYSE
MP,46.79499816894531,5593978.4,8341387776.0,MP Materials Corp. Common Stock,NYSE
MBLY,7.255000114440918,5587199.2,6176612864.0,Mobileye Global Inc. - Class A Common Stock,NASDAQ
TME,7.71999979019165,5550818.4,12614381568.0,"Tencent Music Entertainment Group American Depositary Shares, each representing two Class A Ordinary Shares",NYSE
BZ,14.925000190734863,5540620.0,6529850880.0,KANZHUN LIMITED - American Depository Shares,NASDAQ
EIX,53.53499984741211,5534125.8,20560611328.0,Edison International Common Stock,NYSE
HD,283.4649963378906,5522879.4,282874937344.0,"Home Depot, Inc. (The) Common Stock",NYSE
TEM,77.0199966430664,5506216.6,13901595648.0,"Tempus AI, Inc. - Class A Common Stock",NASDAQ
ASPI,2.865000009536743,5501449.8,436931712.0,ASP Isotopes Inc. - Common Stock,NASDAQ
FLG,11.774999618530273,5499958.8,4883567104.0,"Flagstar Bank, N.A. Common Stock",NYSE
NI,39.53499984741211,5491441.0,18928238592.0,NiSource Inc Common Stock,NYSE
BORR,3.924999952316284,5468215.0,1208752896.0,Borr Drilling Limited Common Shares,NYSE
ONB,24.711599349975586,5462615.8,9481997312.0,Old National Bancorp - Common Stock,NASDAQ
BBWI,16.125,5460834.6,3253547264.0,"Bath & Body Works, Inc.",NYSE
SBUX,94.59500122070312,5453591.2,107798282240.0,Starbucks Corporation - Common Stock,NASDAQ
PGEN,8.385000228881836,5451971.4,3000039936.0,"Precigen, Inc. - Common Stock",NASDAQ
WEN,6.215000152587891,5444129.2,1179293568.0,Wendy's Company (The) - Common Stock,NASDAQ
FLNC,7.565000057220459,5429789.6,1465810816.0,"Fluence Energy, Inc. - Class A Common Stock",NASDAQ
ARM,309.0350036621094,5429735.6,327288193024.0,Arm Holdings plc - American Depositary Shares,NASDAQ
SATL,5.735000133514404,5417281.2,877086144.0,Satellogic Inc. - Class A Common Stock,NASDAQ
OCGN,1.024999976158142,5412610.4,345892608.0,"Ocugen, Inc. - Common Stock",NASDAQ
KVYO,15.795000076293945,5375480.0,4510908416.0,"Klaviyo, Inc. Series A Common Stock",NYSE
JBS,11.614999771118164,5369227.6,38238855168.0,JBS N.V. Class A Common Shares,NYSE
V,361.0899963378906,5314757.0,678372966400.0,Visa Inc.,NYSE
TGB,8.829999923706055,5300708.0,3255777792.0,Trekor Metals Limited Common Shares,AMEX
IP,31.924999237060547,5285205.4,16887983104.0,International Paper Company Common Stock,NYSE
NUVB,5.125,5263705.4,1792484096.0,Nuvation Bio Inc. Class A Common Stock,NYSE
LVS,36.46500015258789,5254012.8,23605469184.0,Las Vegas Sands Corp. Common Stock,NYSE
QUBT,8.255000114440918,5232123.8,1860571264.0,Quantum Computing Inc. - Common Stock,NASDAQ
IBM,222.11000061035156,5217024.2,209219796992.0,International Business Machines Corporation Common Stock,NYSE
ARCC,18.815000534057617,5210167.0,13523959808.0,Ares Capital Corporation - Closed End Fund,NASDAQ
XRAY,8.600000381469727,5158840.0,1721420672.0,DENTSPLY SIRONA Inc. - Common Stock,NASDAQ
TEVA,39.599998474121094,5146252.4,46103543808.0,Teva Pharmaceutical Industries Limited Ordinary Shares,NYSE
KD,11.449999809265137,5129393.0,2500553472.0,"Kyndryl Holdings, Inc. Common Stock",NYSE
SABR,1.9550000429153442,5125177.8,793041024.0,Sabre Corporation - Common Stock,NASDAQ
LITE,1084.0,5121053.8,97616920576.0,Lumentum Holdings Inc. - Common Stock,NASDAQ
INFQ,13.274999618530273,5085538.6,2991614720.0,"Infleqtion, Inc. Common Stock",NYSE
NTSK,18.010000228881836,5083698.6,7299420160.0,"Netskope, Inc. - Class A Common Stock",NASDAQ
FMC,8.385000228881836,5049362.8,1309681792.0,FMC Corporation Common Stock,NYSE
AS,26.96500015258789,5046129.2,15755740160.0,"Amer Sports, Inc. Ordinary Shares",NYSE
FHN,23.225000381469727,5040535.8,11027163136.0,First Horizon Corporation Common Stock,NYSE
ELAN,22.065000534057617,5034623.6,11041642496.0,Elanco Animal Health Incorporated Common Stock,NYSE
PANW,402.1499938964844,5026855.2,328459714560.0,"Palo Alto Networks, Inc. - Common Stock",NASDAQ
MCD,231.3350067138672,5022719.6,164109156352.0,McDonald's Corporation Common Stock,NYSE
NEM,114.98999786376953,5016839.0,121510739968.0,Newmont Corporation,NYSE
FIGR,28.639999389648438,5014979.8,6423938048.0,"Figure Technology Solutions, Inc. - Class A Common Stock",NASDAQ
OTIS,63.849998474121094,5014859.6,24346089472.0,Otis Worldwide Corporation Common Stock ,NYSE
ALLO,1.5099999904632568,5005477.0,523418688.0,"Allogene Therapeutics, Inc. - Common Stock",NASDAQ
XE,14.454999923706055,5001308.6,5865894912.0,"X-Energy, Inc. - Class A Common Stock",NASDAQ
FNB,17.44499969482422,4975991.0,6215130112.0,F.N.B. Corporation Common Stock,NYSE
ENPH,33.512001037597656,4968069.8,4416650752.0,"Enphase Energy, Inc. - Common Stock",NASDAQ
IR,76.16999816894531,4951138.6,29577197568.0,Ingersoll Rand Inc. Common Stock,NYSE
STNE,9.390000343322754,4943245.0,2166446080.0,StoneCo Ltd. - Class A Common Share,NASDAQ
TLRY,3.6050000190734863,4935271.2,534232448.0,"Tilray Brands, Inc. - Common Stock",NASDAQ
HRL,20.295000076293945,4922921.4,11185880064.0,Hormel Foods Corporation Common Stock,NYSE
COTY,2.694999933242798,4920789.0,2373449984.0,Coty Inc. Class A Common Stock,NYSE
ALM,13.545000076293945,4910664.6,3840445952.0,Almonty Industries Inc. - Common Shares,NASDAQ
ROIV,35.790000915527344,4864598.8,25714698240.0,Roivant Sciences Ltd. - Common Shares,NASDAQ
XEL,71.37000274658203,4854829.0,44530180096.0,Xcel Energy Inc. - Common Stock,NASDAQ
SLS,11.590200424194336,4852381.4,2327424256.0,"SELLAS Life Sciences Group, Inc.  - Common Stock",NASDAQ
SAIL,20.139999389648438,4851867.8,11418232832.0,"SailPoint, Inc. - Common Stock",NASDAQ
NXE,8.984999656677246,4848512.6,5953875456.0,Nexgen Energy Ltd. Common Shares,NYSE
MKC,44.5,4827426.4,12013631488.0,"McCormick & Company, Incorporated Common Stock",NYSE
NTLA,12.199899673461914,4825875.8,1710246272.0,"Intellia Therapeutics, Inc. - Common Stock",NASDAQ
DT,58.97999954223633,4815590.4,17049678848.0,"Dynatrace, Inc. Common Stock",NYSE
CMS,63.915000915527344,4799784.4,19701348352.0,CMS Energy Corporation Common Stock,NYSE
PDD,75.19999694824219,4797582.8,107053645824.0,PDD Holdings Inc. - American Depositary Shares,NASDAQ
BKD,10.954999923706055,4782283.6,2612660480.0,Brookdale Senior Living Inc. Common Stock,NYSE
VNET,5.199999809265137,4771206.4,1478973184.0,"VNET Group, Inc. - American Depositary Shares",NASDAQ
SFIX,2.630000114440918,4768306.4,348705600.0,"Stitch Fix, Inc. - Class A Common Stock",NASDAQ
AEG,8.489999771118164,4760756.8,12572520448.0,Aegon Ltd. New York Registry Shares,NYSE
KKR,90.73999786376953,4750261.2,84037500928.0,KKR & Co. Inc. Common Stock,NYSE
BW,5.664999961853027,4720001.8,845376832.0,"Babcock & Wilcox Enterprises, Inc. Common Stock",NYSE
LUV,42.23500061035156,4705952.8,20639692800.0,Southwest Airlines Company Common Stock,NYSE
IAUX,1.590000033378601,4699267.4,1385442688.0,i-80 Gold Corp. Common Shares,AMEX
GSK,46.974998474121094,4685500.4,94195269632.0,GSK plc American Depositary Shares (Each representing two Ordinary Shares),NYSE
INIO,19.920000076293945,4678648.8,14816249856.0,INNIO N.V. - Ordinary Shares,NASDAQ
INDI,2.994999885559082,4676033.6,700595968.0,"indie Semiconductor, Inc. - Class A Common Stock",NASDAQ
GTM,3.690000057220459,4675636.4,1075942784.0,ZoomInfo Technologies Inc. - Common Stock,NASDAQ
CSGP,27.21500015258789,4660616.6,11027452928.0,"CoStar Group, Inc. - Common Stock",NASDAQ
FE,43.51499938964844,4644017.6,25127049216.0,FirstEnergy Corp. Common Stock,NYSE
DASH,187.3000030517578,4637816.6,81667997696.0,"DoorDash, Inc. - Common Stock",NASDAQ
BFLY,8.829999923706055,4628829.0,2347303680.0,"Butterfly Network, Inc. Class A Common Stock",NYSE
NAK,1.3350000381469727,4626030.6,747621824.0,"Northern Dynasty Minerals, Ltd. Common Stock",AMEX
PONY,6.065000057220459,4613339.2,2645919744.0,Pony AI Inc. - American Depositary Shares,NASDAQ
LULU,94.09860229492188,4590606.6,10470953984.0,lululemon athletica inc. - Common Stock,NASDAQ
STX,847.7000122070312,4570881.2,191367135232.0,Seagate Technology Holdings PLC - Ordinary Shares (Ireland),NASDAQ
CNQ,48.459999084472656,4557983.6,99900293120.0,Canadian Natural Resources Limited Common Stock,NYSE
BTI,52.43000030517578,4555565.2,112923656192.0,"British American Tobacco  Industries, p.l.c. Common Stock ADR",NYSE
UAMY,4.005000114440918,4539210.2,600922496.0,United States Antimony Corporation Common Stock,NYSE
VZLA,3.6449999809265137,4536100.6,1294182272.0,Vizsla Silver Corp. Common Shares,AMEX
FCEL,18.3799991607666,4515510.0,1446051584.0,"FuelCell Energy, Inc. - Common Stock",NASDAQ
HBM,27.014999389648438,4514748.6,12045206528.0,Hudbay Minerals Inc. Ordinary Shares (Canada),NYSE
DOC,19.53499984741211,4509285.2,13884731392.0,"Healthpeak Properties, Inc. Common Stock",NYSE
KTOS,42.755001068115234,4505548.6,8017417216.0,"Kratos Defense & Security Solutions, Inc. - Common Stock",NASDAQ
Z,27.639999389648438,4491461.8,6203175424.0,"Zillow Group, Inc. - Class C Capital Stock",NASDAQ
CRGY,13.395000457763672,4489265.0,4429061632.0,Crescent Energy Company Class A Common Stock,NYSE
VIK,80.31999969482422,4485015.0,35793580032.0,Viking Holdings Ltd Ordinary Shares,NYSE
UGP,7.385000228881836,4460625.4,7904343552.0,Ultrapar Participacoes S.A. (New) American Depositary Shares (Each representing one Common Share),NYSE
OBDC,10.295000076293945,4460618.6,5084299776.0,Blue Owl Capital Corporation Common Stock,NYSE
ARR,13.70989990234375,4450831.2,1939418240.0,"ARMOUR Residential REIT, Inc.",NYSE
IAG,18.469999313354492,4449929.0,10572064768.0,Iamgold Corporation Ordinary Shares,NYSE
IRT,14.505000114440918,4441684.0,3497975296.0,"Independence Realty Trust, Inc. Common Stock",NYSE
GILD,144.27999877929688,4424302.6,178795347968.0,"Gilead Sciences, Inc. - Common Stock",NASDAQ
RR,1.6749999523162842,4418624.6,377045728.0,Richtech Robotics Inc. - Class B Common Stock,NASDAQ
KIM,22.184999465942383,4417709.6,14908294144.0,Kimco Realty Corporation (HC) Common Stock,NYSE
IOT,40.970001220703125,4401567.0,23971749888.0,Samsara Inc. Class A Common Stock,NYSE
BCS,23.65999984741211,4396431.8,78961942528.0,Barclays PLC Common Stock,NYSE
TSHA,4.675000190734863,4364927.6,1520013440.0,"Taysha Gene Therapies, Inc. - Common Stock",NASDAQ
XYZ,74.80000305175781,4349649.0,44951482368.0,"Block, Inc. Class A Common Stock,",NYSE
RWT,3.565000057220459,4333092.6,448436384.0,"Redwood Trust, Inc. Common Stock",NYSE
SNOW,339.66351318359375,4320375.6,119560396800.0,Snowflake Inc. Common Stock,NYSE
NG,6.559899806976318,4310606.0,2882788608.0,Novagold Resources Inc.,AMEX
COO,57.27899932861328,4302596.2,10886390784.0,"The Cooper Companies, Inc.  - Common Stock",NASDAQ
AQN,5.09499979019165,4298884.8,3922649856.0,Algonquin Power & Utilities Corp. Common Shares,NYSE
IVR,5.755000114440918,4270194.4,629475008.0,INVESCO MORTGAGE CAPITAL INC Common Stock,NYSE
CRML,7.045000076293945,4268773.4,1033362368.0,Critical Metals Corp. - Ordinary Shares,NASDAQ
DBX,33.88100051879883,4250956.8,7394136576.0,"Dropbox, Inc. - Class A Common Stock",NASDAQ
RARE,15.15999984741211,4240326.0,1499536768.0,Ultragenyx Pharmaceutical Inc. - Common Stock,NASDAQ
BGC,12.055000305175781,4226682.4,5693711872.0,"BGC Group, Inc. - Class A Common Stock",NASDAQ
FSLY,26.280000686645508,4215963.4,4175252736.0,"Fastly, Inc. - Class A Common Stock",NASDAQ
SWKS,85.00499725341797,4204729.6,12662678528.0,"Skyworks Solutions, Inc. - Common Stock",NASDAQ
INVH,26.104999542236328,4201359.2,15370969088.0,Invitation Homes Inc. Common Stock,NYSE
GLXY,23.219999313354492,4201232.0,13583303680.0,Galaxy Digital Inc. - Class A common stock,NASDAQ
DHR,215.55999755859375,4201099.4,151416160256.0,Danaher Corporation Common Stock,NYSE
TRP,58.775001525878906,4191960.6,61370486784.0,TC Energy Corporation Common Stock,NYSE
GMAB,34.220001220703125,4179666.0,21498818560.0,Genmab A/S - American Depositary Shares,NASDAQ
CFG,64.26000213623047,4178511.6,27119572992.0,"Citizens Financial Group, Inc. Common Stock",NYSE
SUNB,76.70999908447266,4153307.0,31576481792.0,"Sunbelt Rentals Holdings, Inc. Common Stock",NYSE
SW,42.66999816894531,4151906.8,22386638848.0,Smurfit WestRock plc Ordinary Shares,NYSE
CHYM,27.385000228881836,4148857.4,10365660160.0,"Chime Financial, Inc. - Class A Common Stock",NASDAQ
CL,84.4000015258789,4140254.6,67313274880.0,Colgate-Palmolive Company Common Stock,NYSE
AI,11.164999961853027,4132408.0,1790283776.0,"C3.ai, Inc. Class A Common Stock",NYSE
TMC,3.765000104904175,4125741.4,2136034432.0,TMC the metals company Inc. - Common Stock,NASDAQ
SBSW,9.937199592590332,4123477.2,7208385024.0,D/B/A Sibanye-Stillwater Limited ADS,NYSE
RDDT,148.13499450683594,4097390.8,28547794944.0,"Reddit, Inc. Class A Common Stock",NYSE
NWL,5.380000114440918,4096415.2,2308378112.0,Newell Brands Inc. - Common Stock,NASDAQ
PLD,129.2100067138672,4091737.0,125565042688.0,"Prologis, Inc. Common Stock",NYSE
LBRT,19.084999084472656,4091368.6,3082685952.0,Liberty Energy Inc. Class A common stock,NYSE
DUK,114.1500015258789,4090997.2,88921604096.0,Duke Energy Corporation (Holding Company) Common Stock,NYSE
PDI,14.484999656677246,4090218.2,6891874304.0,PIMCO Dynamic Income Fund Common Stock,NYSE
IVZ,30.780000686645508,4077495.6,13576118272.0,Invesco Ltd Common Stock,NYSE
IVA,3.565000057220459,4064124.6,845977024.0,Inventiva S.A. - American Depository Shares,NASDAQ
ADBE,238.02499389648438,4061122.0,94660648960.0,Adobe Inc. - Common Stock,NASDAQ
IBN,27.424999237060547,4059214.4,98577514496.0,ICICI Bank Limited Common Stock,NYSE
ZTS,69.90499877929688,4041633.0,28855406592.0,Zoetis Inc. Class A Common Stock,NYSE
UPS,92.86000061035156,4040465.2,79074025472.0,"United Parcel Service, Inc. Common Stock",NYSE
TXN,293.8900146484375,4031859.2,268038193152.0,Texas Instruments Incorporated - Common Stock,NASDAQ
UPST,23.024999618530273,4020114.8,2204237568.0,"Upstart Holdings, Inc. - Common stock",NASDAQ
SARO,21.065000534057617,4019275.4,6962545152.0,"StandardAero, Inc. Common Stock",NYSE
HUT,89.0999984741211,4010859.2,10888740864.0,Hut 8 Corp. - Common Stock,NASDAQ
LBTYA,8.914999961853027,4008350.4,3057849856.0,Liberty Global Ltd. - Class A Common Shares,NASDAQ
VMRK,60.029998779296875,4001837.0,46241038336.0,Vivmark Residential Common Shares of Beneficial Interest,NYSE
SE,94.73999786376953,4000856.4,58403467264.0,"Sea Limited American Depositary Shares, each representing one Class A Ordinary Share",NYSE
LXRX,1.8250000476837158,3998298.0,814269376.0,"Lexicon Pharmaceuticals, Inc. - Common Stock",NASDAQ
KLAR,12.505000114440918,3991667.2,4754667008.0,Klarna Group plc Ordinary Shares,NYSE
PWP,15.869999885559082,3988731.6,1550456448.0,Perella Weinberg Partners - Class A Common Stock,NASDAQ
MBGL,17.09000015258789,3969740.2,5044343808.0,Mobility Global Inc. Common Stock,NYSE
GNW,9.505000114440918,3955233.8,3602809600.0,Genworth Financial Inc Common Stock,NYSE
CNC,62.720001220703125,3952600.8,30914207744.0,Centene Corporation Common Stock,NYSE
GFL,42.04999923706055,3951585.8,15204310016.0,"GFL Environmental Inc. Subordinate voting shares, no par value",NYSE
VSH,38.54499816894531,3927207.8,5949578240.0,"Vishay Intertechnology, Inc. Common Stock",NYSE
NAT,8.344400405883789,3913125.8,1761765376.0,Nordic American Tankers Limited Common Stock,NYSE
ANNX,4.150000095367432,3911669.2,787701376.0,"Annexon, Inc. - common stock",NASDAQ
NWSA,28.6200008392334,3907687.2,15460487168.0,News Corporation - Class A Common Stock,NASDAQ
P,139.8300018310547,3902205.0,46756786176.0,"Everpure, Inc. Class A common stock",NYSE
D,61.41999816894531,3898798.4,53914939392.0,"Dominion Energy, Inc. Common Stock",NYSE
SPCE,3.0,3892266.4,456121760.0,"Virgin Galactic Holdings, Inc. Common Stock",NYSE
ABNB,162.92999267578125,3890584.2,97470332928.0,"Airbnb, Inc. - Class A Common Stock",NASDAQ
BAM,44.849998474121094,3886959.8,71365197824.0,Brookfield Asset Management Inc Class A Limited Voting Shares,NYSE
RXT,4.076000213623047,3879250.6,1039881216.0,"Rackspace Technology, Inc. - Common Stock",NASDAQ
GTLB,49.61000061035156,3863922.2,8249942016.0,GitLab Inc. - Class A Common Stock,NASDAQ
SNY,39.76499938964844,3862438.4,95665782784.0,Sanofi - American Depositary Shares,NASDAQ
ABBV,261.9750061035156,3861808.6,463382347776.0,AbbVie Inc. Common Stock,NYSE
ANET,206.4199981689453,3843910.2,260732977152.0,"Arista Networks, Inc. Common Stock",NYSE
EGO,38.040000915527344,3832031.6,9921042432.0,Eldorado Gold Corporation Ordinary Shares,NYSE
OSCR,30.854999542236328,3830965.6,9561822208.0,"Oscar Health, Inc. Class A Common Stock",NYSE
ESRT,4.144999980926514,3824986.6,1275930496.0,"Empire State Realty Trust, Inc. Class A Common Stock",NYSE
BNY,145.39500427246094,3822312.0,98817343488.0,The Bank of New York Mellon Corporation Common Stock,NYSE
MRP,24.790000915527344,3798981.4,4113837056.0,"Millrose Properties, Inc. Class A Common Stock",NYSE
IBKR,88.44000244140625,3789623.4,150600253440.0,"Interactive Brokers Group, Inc. - Class A Common Stock",NASDAQ
VOD,16.764999389648438,3777988.2,38932578304.0,Vodafone Group Plc - American Depositary Shares each representing ten Ordinary Shares,NASDAQ
NNBR,4.635000228881836,3777571.2,383173280.0,"NN, Inc. - Common Stock",NASDAQ
NWG,17.600000381469727,3775853.4,69899198464.0,"NatWest Group plc American Depositary Shares, (each representing two (2) Ordinary Shares)",NYSE
EPD,35.994998931884766,3772106.8,77644005376.0,Enterprise Products Partners L.P. Common Stock,NYSE
TMUS,163.77999877929688,3766319.8,175832334336.0,"T-Mobile US, Inc. - Common Stock",NASDAQ
RUM,7.605000019073486,3762639.2,3758241280.0,RUM Group Inc. - Class A Common Stock,NASDAQ
KMB,94.31999969482422,3759338.0,31365042176.0,Kimberly-Clark Corporation - Common Stock,NASDAQ
CIG,2.125,3755170.0,6064645632.0,Comp En De Mn Cemig ADS American Depositary Shares,NYSE
ABSI,10.979999542236328,3753459.8,1896334848.0,Absci Corporation - Common Stock,NASDAQ
BCE,20.024999618530273,3744456.6,18543276032.0,"BCE, Inc. Common Stock",NYSE
BEN,33.16999816894531,3743624.6,16878315520.0,"Franklin Templeton, Inc. Common Stock",NYSE
ENB,45.90999984741211,3739922.6,102404218880.0,Enbridge Inc Common Stock,NYSE
ARDX,3.3499999046325684,3734440.0,866219264.0,"Ardelyx, Inc. - Common Stock",NASDAQ
LNT,64.44999694824219,3730268.8,16678488064.0,Alliant Energy Corporation - Common Stock,NASDAQ
ALLY,38.154998779296875,3723122.2,11596091392.0,Ally Financial Inc. Common Stock,NYSE
EQNR,42.58000183105469,3714428.4,100860616704.0,Equinor ASA,NYSE
BRX,27.264999389648438,3713346.4,8360736768.0,Brixmor Property Group Inc. Common Stock,NYSE
NVAX,10.40999984741211,3694893.6,1706363648.0,"Novavax, Inc. - Common Stock",NASDAQ
ACGL,92.9800033569336,3685697.2,31760740352.0,Arch Capital Group Ltd. - Common Stock,NASDAQ
PENN,14.835000038146973,3680955.0,2001078656.0,"PENN Entertainment, Inc. - Common Stock",NASDAQ
BROS,38.790000915527344,3672689.2,6821167104.0,Dutch Bros Inc. Class A Common Stock,NYSE
SYY,77.44499969482422,3667870.2,37178531840.0,Sysco Corporation Common Stock,NYSE
SHLS,8.329999923706055,3666745.6,1404463104.0,"Shoals Technologies Group, Inc. - Class A Common Stock",NASDAQ
UNH,368.625,3663346.4,331616419840.0,UnitedHealth Group Incorporated Common Stock (DE),NYSE
WRBY,27.399999618530273,3663091.6,3370173696.0,Warby Parker Inc. Class A Common Stock,NYSE
KSS,18.924999237060547,3662631.4,2146782976.0,Kohl's Corporation Common Stock,NYSE
DCH,5.610000133514404,3657964.2,1334149760.0,Dauch Corporation Common Stock,NYSE
CLBK,11.364999771118164,3650830.2,3062032384.0,"Columbia Financial, Inc. - Common Stock",NASDAQ
OI,5.635000228881836,3649194.6,868177600.0,"O-I Glass, Inc. Common Stock",NYSE
FRSH,12.795000076293945,3642060.8,3343699456.0,Freshworks Inc. - Class A Common Stock,NASDAQ
RDY,12.234999656677246,3638593.2,10199945216.0,Dr. Reddy's Laboratories Ltd Common Stock,NYSE
AESI,12.09000015258789,3627128.2,1506291584.0,Atlas Energy Solutions Inc. Common Stock,NYSE
RYN,18.235000610351562,3625457.8,5438860288.0,Rayonier Inc. REIT Common Stock,NYSE
HR,17.56100082397461,3612474.8,6160958976.0,Healthcare Realty Trust Incorporated Common Stock,NYSE
JMKE,16.579999923706055,3606113.0,3876665856.0,Jersey Mike's Subs Inc. Class A Common Stock,NYSE
DHT,23.524999618530273,3604477.4,3773073408.0,"DHT Holdings, Inc.",NYSE
ORLY,84.6050033569336,3600911.8,68826382336.0,"O'Reilly Automotive, Inc. - Common Stock",NASDAQ
BWIN,31.790000915527344,3599020.8,3078014208.0,"The Baldwin Insurance Group, Inc. - Class A Common Stock",NASDAQ
SIRI,25.635000228881836,3596520.8,8671045632.0,SiriusXM Holdings Inc. - Common Stock,NASDAQ
WVE,3.809999942779541,3591414.8,742871616.0,"Wave Life Sciences, Inc. - Common Stock",NASDAQ
BRBR,7.675000190734863,3590742.0,895342080.0,"BellRing Brands, Inc. Common Stock ",NYSE
UAL,112.06500244140625,3588733.0,36419969024.0,"United Airlines Holdings, Inc. - Common Stock",NASDAQ
MFG,10.8149995803833,3584203.2,131196944384.0,"Mizuho Financial Group, Inc. Sponosred ADR (Japan)",NYSE
FLY,23.434999465942383,3575724.6,3945727232.0,Firefly Aerospace Inc. - Common Stock,NASDAQ
SONY,23.735000610351562,3571717.8,138738974720.0,Sony Group Corporation American Depositary Shares ,NYSE
PEG,68.1449966430664,3565666.4,33905788928.0,Public Service Enterprise Group Incorporated Common Stock,NYSE
PUMP,9.220000267028809,3552629.4,1138577792.0,ProPetro Holding Corp. Common Stock,NYSE
USDE,14.170000076293945,3552105.0,339775392.0,StablecoinX Inc. - Class A Common Stock,NASDAQ
MIR,14.664999961853027,3548289.8,3669643264.0,"Mirion Technologies, Inc. Class A Common Stock",NYSE
LWLG,5.8190999031066895,3537659.4,893399232.0,"Lightwave Logic, Inc. - Common Stock",NASDAQ
ERAS,14.850000381469727,3535012.8,5179976192.0,"Erasca, Inc. - Common Stock",NASDAQ
FOXA,62.029998779296875,3529761.2,26190149632.0,Fox Corporation - Class A Common Stock,NASDAQ
GE,311.30999755859375,3523421.4,320741703680.0,GE Aerospace Common Stock,NYSE
AMRZ,37.51900100708008,3512164.4,20520103936.0,Amrize Ltd Ordinary Shares,NYSE
BEAG,10.6899995803833,3505612.8,334946016.0,Bold Eagle Acquisition Corp. - Class A Ordinary Shares,NASDAQ
TKC,5.0,3501945.2,4374649856.0,Turkcell Iletisim Hizmetleri AS Common Stock,NYSE
SECZ,12.779999732971191,3501162.4,2083270144.0,Securitize Corp. Common Stock,NYSE
TRU,64.36000061035156,3488040.8,12372091904.0,TransUnion Common Stock,NYSE
EVGO,1.3849999904632568,3484816.0,427741376.0,EVgo Inc. - Common Stock,NASDAQ
ARI,6.215000152587891,3473346.6,798761344.0,"Apollo Commercial Real Estate Finance, Inc",NYSE
AGI,32.19879913330078,3468581.8,13493715968.0,Alamos Gold Inc. Class A Common Shares,NYSE
TGT,155.02000427246094,3468555.2,70383370240.0,Target Corporation Common Stock,NYSE
VRT,251.75999450683594,3467210.2,97078616064.0,"Vertiv Holdings, LLC Class A Common Stock",NYSE
NEA,10.140000343322754,3457797.0,3053663232.0,Nuveen AMT-Free Quality Municipal Income Fund Common Shares of Beneficial Interest Par Value $.01,NYSE
INTU,280.5400085449219,3454876.6,75043880960.0,Intuit Inc. - Common Stock,NASDAQ
SRE,78.52999877929688,3450680.4,51252707328.0,DBA Sempra Common Stock,NYSE
FUN,11.515000343322754,3449433.2,1182776576.0,Six Flags Entertainment Corporation Common Stock New,NYSE
XRPN,42.61000061035156,3437583.8,1361528960.0,Armada Acquisition Corp. II - Class A Ordinary Shares,NASDAQ
AEP,119.79000091552734,3436039.4,65246023680.0,"American Electric Power Company, Inc. - Common Stock",NASDAQ
UNIT,8.164999961853027,3432123.6,1980637056.0,Uniti Group Inc. - Common Stock,NASDAQ
ALT,2.740000009536743,3426746.4,532978496.0,"Altimmune, Inc. - Common Stock",NASDAQ
RCL,275.3599853515625,3409527.8,73814097920.0,Royal Caribbean Cruises Ltd. Common Stock,NYSE
MMED,19.639999389648438,3402358.2,5508831232.0,"MiniMed Group, Inc. - Common Stock",NASDAQ
UL,59.6150016784668,3402101.2,128609353728.0,Unilever PLC American Depositary Shares (each representing One Ordinary Share),NYSE
MAC,22.90999984741211,3401038.4,6806350336.0,Macerich Company (The) Common Stock,NYSE
PM,187.27000427246094,3395374.2,292489396224.0,Philip Morris International Inc Common Stock,NYSE
AMKR,56.16999816894531,3391760.6,13862269952.0,"Amkor Technology, Inc. - Common Stock",NASDAQ
TDOC,5.525000095367432,3390223.2,1003804224.0,"Teladoc Health, Inc. Common Stock",NYSE
DJT,8.889399528503418,3388795.8,2468090880.0,Trump Media & Technology Group Corp. - Common Stock,NASDAQ
NESR,24.690000534057617,3378073.4,2473893632.0,National Energy Services Reunited Corp - Ordinary Shares,NASDAQ
PAGS,8.949999809265137,3374209.6,2462897152.0,PagSeguro Digital Ltd. Class A Common Shares,NYSE
LI,10.699999809265137,3361675.6,10471496704.0,Li Auto Inc. - American Depositary Shares,NASDAQ
ALAB,349.3550109863281,3348707.4,60633042944.0,"Astera Labs, Inc. - Common Stock",NASDAQ
RTX,184.47000122070312,3329084.4,249234161664.0,RTX Corporation Common Stock,NYSE
BLMN,8.289999961853027,3328080.4,710653632.0,"Bloomin' Brands, Inc. - Common Stock",NASDAQ
ALK,39.369998931884766,3327407.0,4389044736.0,"Alaska Air Group, Inc. Common Stock",NYSE
UA,4.480000019073486,3324355.4,1937207424.0,"Under Armour, Inc. Class C Common Stock",NYSE
SGHC,11.3149995803833,3321608.8,5733646848.0,Super Group (SGHC) Limited Ordinary Shares,NYSE
LOW,181.35000610351562,3318067.8,101803974656.0,"Lowe's Companies, Inc. Common Stock",NYSE
CLVT,1.5399999618530273,3316842.4,984393408.0,Clarivate Plc Ordinary Shares,NYSE
CAI,28.325000762939453,3309710.8,8008748032.0,"Caris Life Sciences, Inc. - Common Stock",NASDAQ
OLN,15.904999732971191,3301159.0,1825429504.0,Olin Corporation Common Stock,NYSE
SVRA,4.815000057220459,3293883.2,978527488.0,"Savara, Inc. - Common Stock",NASDAQ
NOV,18.975000381469727,3292005.2,6767737344.0,NOV Inc. Common Stock,NYSE
OKE,87.54000091552734,3282930.8,55198629888.0,"ONEOK, Inc. Common Stock",NYSE
APPS,11.300000190734863,3280497.4,1386241152.0,"Digital Turbine, Inc. - Common Stock",NASDAQ
WOLF,34.97999954223633,3278425.8,1886445440.0,"Wolfspeed, Inc. Common Stock New",NYSE
HAYW,12.524999618530273,3273944.2,2657858304.0,"Hayward Holdings, Inc. Common Stock",NYSE
BHP,85.25,3269134.4,216699027456.0,BHP Group Limited American Depositary Shares (Each representing two Ordinary Shares),NYSE
COLD,13.895000457763672,3235458.6,3971395072.0,"Americold Realty Trust, Inc. Common Stock",NYSE
AXP,302.5299987792969,3229789.6,204416286720.0,American Express Company Common Stock,NYSE
UDR,33.380001068115234,3227229.6,12343728128.0,"UDR, Inc. Common Stock",NYSE
PAYX,99.01499938964844,3216262.8,35288342528.0,"Paychex, Inc. - Common Stock",NASDAQ
MTG,27.084999084472656,3215705.0,5574267392.0,MGIC Investment Corporation Common Stock,NYSE
SU,69.57499694824219,3213350.6,81394515968.0,Suncor Energy  Inc. Common Stock,NYSE
NRGV,3.9200000762939453,3212679.0,711901888.0,"Energy Vault Holdings, Inc. Common Stock",NYSE
AA,42.255001068115234,3211780.6,11110587392.0,Alcoa Corporation Common Stock ,NYSE
MBC,7.085000038146973,3211697.8,1438677888.0,"MasterBrand, Inc. Common Stock",NYSE
EXE,85.55999755859375,3207691.2,20512677888.0,Expand Energy Corporation - Common Stock,NASDAQ
TECK,67.87999725341797,3204596.8,33581568000.0,Teck Resources Ltd Ordinary Shares,NYSE
LAES,2.359999895095825,3204193.0,535334752.0,SEALSQ Corp - Ordinary Shares,NASDAQ
DRH,12.555000305175781,3203830.0,2578660352.0,Diamondrock Hospitality Company - Common Stock,NASDAQ
AR,34.040000915527344,3194336.0,10468297728.0,Antero Resources Corporation Common Stock,NYSE
TXG,92.11000061035156,3193304.6,12106654720.0,"10x Genomics, Inc. - Common Stock",NASDAQ
PK,15.524999618530273,3190649.8,3120744192.0,Park Hotels & Resorts Inc. Common Stock ,NYSE
EBAY,106.6449966430664,3190186.6,47588302848.0,eBay Inc. - Common Stock,NASDAQ
CAVA,54.25,3182470.2,6313375232.0,"CAVA Group, Inc. Common Stock",NYSE
TRLV,10.632800102233887,3156306.2,2041191424.0,Trulieve Cannabis Corp. Subordinate Voting Shares,NYSE
DNA,12.170000076293945,3154119.6,821551424.0,"Ginkgo Bioworks Holdings, Inc. Class A Common Stock",NYSE
WTI,3.6050000190734863,3150399.0,542639872.0,"W&T Offshore, Inc. Common Stock",NYSE
FNF,39.349998474121094,3150120.2,10580207616.0,"Fidelity National Financial, Inc. Common Stock",NYSE
PCAR,109.3550033569336,3145134.0,57515896832.0,PACCAR Inc. - Common Stock,NASDAQ
DOCS,28.28499984741211,3141765.6,5036340224.0,"Doximity, Inc. Class A Common Stock",NYSE
HMY,17.2549991607666,3139627.6,10834872320.0,Harmony Gold Mining Company Limited,NYSE
HAFN,10.220000267028809,3139509.4,5441641472.0,Hafnia Limited Common Shares,NYSE
AVPT,14.220000267028809,3134005.8,3013749504.0,"AvePoint, Inc. - Class A Common Stock",NASDAQ
SNPS,489.0400085449219,3131856.2,93473112064.0,"Synopsys, Inc. - Common Stock",NASDAQ
ACRS,4.295000076293945,3126844.4,630747264.0,"Aclaris Therapeutics, Inc. - Common Stock",NASDAQ
EW,85.48999786376953,3119666.8,49242415104.0,Edwards Lifesciences Corporation Common Stock,NYSE
LFST,11.765000343322754,3119099.2,4483918336.0,"LifeStance Health Group, Inc. - Common Stock",NASDAQ
TDAY,6.965000152587891,3115039.0,1019650560.0,"USA TODAY Co., Inc. Common Stock",NYSE
CCI,66.73999786376953,3113292.6,28467224576.0,Crown Castle Inc. Common Stock,NYSE
AFRM,71.1500015258789,3104530.8,23946786816.0,"Affirm Holdings, Inc. - Class A Common Stock",NASDAQ
QGEN,44.880001068115234,3090476.0,9322217472.0,Qiagen N.V. Common Shares,NYSE
DECK,78.88999938964844,3088567.4,10773224448.0,Deckers Outdoor Corporation Common Stock,NYSE
CNXC,25.0,3083298.6,1531927936.0,Concentrix Corporation - Common Stock,NASDAQ
CART,44.2400016784668,3080867.2,10478270464.0,Maplebear Inc. - Common Stock,NASDAQ
TAP,36.79999923706055,3080101.4,6874556416.0,Molson Coors Beverage Company Class B Common Stock,NYSE
APO,115.26499938964844,3076702.2,67856363520.0,"Apollo Global Management, Inc. (New) Common Stock",NYSE
TCOM,38.130001068115234,3072679.4,24016957440.0,Trip.com Group Limited - American Depositary Shares,NASDAQ
NDAQ,90.58999633789062,3058804.0,50520653824.0,"Nasdaq, Inc. - Common Stock",NASDAQ
CG,40.16999816894531,3055523.6,14260439040.0,The Carlyle Group Inc. - Common Stock,NASDAQ
KOPN,4.804999828338623,3053039.0,891259200.0,Kopin Corporation - Common Stock,NASDAQ
SDGR,30.71500015258789,3052541.0,2295044352.0,"Schrodinger, Inc. - Common Stock",NASDAQ
MA,553.9500122070312,3052236.0,485090492416.0,Mastercard Incorporated Common Stock,NYSE
ESI,37.77000045776367,3040057.8,9255196672.0,Element Solutions Inc. Common Stock,NYSE
BXMT,11.074999809265137,3031052.8,1863249408.0,"Blackstone Mortgage Trust, Inc. Common Stock",NYSE
ETR,100.93499755859375,3024645.6,48083525632.0,Entergy Corporation Common Stock,NYSE
TRIP,8.505000114440918,3010912.2,996780416.0,"TripAdvisor, Inc. - Common Stock",NASDAQ
MMM,161.35000610351562,3010127.0,83222126592.0,3M Company Common Stock,NYSE
GNL,8.274999618530273,3006941.4,1918781696.0,"Global Net Lease, Inc. Common Stock",NYSE
CPRI,14.345000267028809,2997142.6,1632605440.0,Capri Holdings Limited Ordinary Shares,NYSE
MAIR,24.84000015258789,2986346.0,12522996736.0,Madison Air Solutions Corporation Class A Common Stock,NYSE
ADMA,9.898599624633789,2986317.2,2201769216.0,ADMA Biologics Inc - Common Stock,NASDAQ
FA,18.579999923706055,2982554.8,3202347776.0,First Advantage Corporation - Common Stock,NASDAQ
AMRX,20.110000610351562,2982004.8,7016423936.0,"Amneal Pharmaceuticals, Inc. - Class A Common Stock",NASDAQ
ECHO,93.20999908447266,2977256.4,27230541824.0,EchoStar Corporation - Common stock,NASDAQ
USAS,4.385000228881836,2969241.4,1489584256.0,"Americas Gold and Silver Corporation Common Shares, no par value",AMEX
LYB,58.79999923706055,2968922.8,18994630656.0,LyondellBasell Industries NV Ordinary Shares Class A (Netherlands),NYSE
VVV,30.959999084472656,2966823.6,3961979904.0,Valvoline Inc. Common Stock,NYSE
SM,35.040000915527344,2964374.4,8362972672.0,SM Energy Company Common Stock,NYSE
CEG,255.21499633789062,2954983.0,90348388352.0,Constellation Energy Corporation - Common Stock When-Issued,NASDAQ
UMAC,21.850000381469727,2953375.4,1096545280.0,"Unusual Machines, Inc. Common Stock",AMEX
PRME,2.9549999237060547,2946656.2,535968608.0,"Prime Medicine, Inc. - Common Stock",NASDAQ
CZR,29.625,2945881.8,6036986368.0,"Caesars Entertainment, Inc. - Common Stock",NASDAQ
TNGX,23.2549991607666,2945180.0,3937052160.0,"Tango Therapeutics, Inc. - Common Stock",NASDAQ
PAAS,45.279998779296875,2939440.4,18836094976.0,Pan American Silver Corp. Common Stock,NYSE
GEHC,64.19000244140625,2930711.0,29288208384.0,GE HealthCare Technologies Inc. - Common Stock,NASDAQ
RSI,20.219999313354492,2926500.2,4681273856.0,"Rush Street Interactive, Inc. Class A Common Stock",NYSE
TENB,36.9900016784668,2925042.0,4073446656.0,"Tenable Holdings, Inc. - Common Stock",NASDAQ
FLUT,75.41000366210938,2910080.2,13105240064.0,Flutter Entertainment plc Ordinary Shares,NYSE
CXM,5.15500020980835,2909756.2,1201486720.0,"Sprinklr, Inc. Class A Common Stock",NYSE
SERV,4.630000114440918,2906693.4,400155104.0,Serve Robotics Inc. - Common Stock,NASDAQ
CLOV,4.369999885559082,2905632.0,2315947520.0,"Clover Health Investments, Corp.  - Class A Common stock",NASDAQ
SANA,2.869999885559082,2901190.2,859164992.0,"Sana Biotechnology, Inc. - Common Stock",NASDAQ
BILI,14.46500015258789,2898689.4,5949631488.0,Bilibili Inc. - American Depositary Shares,NASDAQ
NAVN,21.135000228881836,2898061.0,5538931200.0,"Navan, Inc. - Class A Common Stock",NASDAQ
EQPT,18.209999084472656,2897795.0,4657050112.0,EquipmentShare.com Inc - Class A Common Stock,NASDAQ
WRD,5.03000020980835,2897774.8,1659583744.0,WeRide Inc. - American Depositary Shares,NASDAQ
RTO,19.895000457763672,2893357.0,10047345664.0,Rentokil Initial plc American Depositary Shares (each representing five (5) Ordinary Shares),NYSE
PBF,80.96499633789062,2887664.0,9574126592.0,PBF Energy Inc. Class A Common Stock,NYSE
CTMX,2.5850000381469727,2887153.8,560001152.0,"CytomX Therapeutics, Inc. - Common Stock",NASDAQ
PRMB,19.489999771118164,2886289.2,7077809152.0,Primo Brands Corporation Class A Common Stock,NYSE
TEAM,187.4550018310547,2885651.8,47449608192.0,Atlassian Corporation  - Class A Common Stock,NASDAQ
BBIO,67.19000244140625,2883863.4,13120512000.0,"BridgeBio Pharma, Inc. - Common Stock",NASDAQ
JEF,46.25,2875651.2,9416236032.0,Jefferies Financial Group Inc. Common Stock,NYSE
EVRG,79.31500244140625,2872437.2,18247086080.0,"Evergy, Inc. - Common Stock",NASDAQ
LION,11.229999542236328,2869065.2,3356473088.0,Lionsgate Studios Corp Common Shares,NYSE
TECH,72.41500091552734,2860536.8,11355209728.0,Bio-Techne Corp - Common Stock,NASDAQ
QRVO,113.94000244140625,2860139.0,10086846464.0,"Qorvo, Inc. - Common Stock",NASDAQ
AIV,1.9450000524520874,2859534.2,301605664.0,Apartment Investment and Management Company Common Stock,NYSE
CERT,9.265000343322754,2858375.8,1410221056.0,"Certara, Inc. - Common Stock",NASDAQ
DHI,135.69500732421875,2853637.4,37948473344.0,"D.R. Horton, Inc. Common Stock",NYSE
SGML,8.869999885559082,2850597.4,1012551936.0,Sigma Lithium Corporation - common shares,NASDAQ
KNX,66.55000305175781,2848653.4,10862334976.0,Knight-Swift Transportation Holdings Inc.,NYSE
COF,195.24000549316406,2843382.6,120175452160.0,Capital One Financial Corporation Common Stock,NYSE
SMTC,197.06500244140625,2840715.4,18400079872.0,Semtech Corporation - Common Stock,NASDAQ
OKTA,213.75999450683594,2839886.6,37173047296.0,"Okta, Inc. - Class A Common Stock",NASDAQ
BSP,32.14500045776367,2834008.8,20368306176.0,Bending Spoons S.p.A. - Ordinary Shares,NASDAQ
DXCM,84.91000366210938,2829448.6,32105854976.0,"DexCom, Inc. - Common Stock",NASDAQ
EMR,161.44000244140625,2821365.0,90478542848.0,Emerson Electric Company Common Stock,NYSE
NTAP,225.6699981689453,2813772.0,44897456128.0,"NetApp, Inc. - Common Stock",NASDAQ
FRO,52.38999938964844,2810721.0,11558580224.0,Frontline Plc Ordinary Shares,NYSE
MUFG,22.704999923706055,2800629.2,255787270144.0,"Mitsubishi UFJ Financial Group, Inc. Common Stock",NYSE
WEC,101.70500183105469,2798697.0,33070452736.0,"WEC Energy Group, Inc. Common Stock",NYSE
MXL,104.93000030517578,2791571.0,9576293376.0,"MaxLinear, Inc - Common Stock",NASDAQ
CWK,12.029999732971191,2774040.8,2841209344.0,Cushman & Wakefield Ltd. Common Shares,NYSE
TWLO,295.3999938964844,2768724.8,45123469312.0,Twilio Inc. Class A Common Stock,NYSE
HOS,7.704999923706055,2766359.6,2512995072.0,"Hornbeck Offshore Services, Inc. Common Stock",NYSE
CCJ,85.44999694824219,2749641.4,37000708096.0,Cameco Corporation Common Stock,NYSE
VYX,6.735000133514404,2748928.2,927139456.0,NCR Voyix Corporation Common Stock,NYSE
TWST,186.0,2747782.8,12360197120.0,Twist Bioscience Corporation - Common Stock,NASDAQ
MET,94.3499984741211,2744136.2,60103409664.0,"MetLife, Inc. Common Stock",NYSE
SLDP,2.3299999237060547,2735223.8,532803136.0,"Solid Power, Inc. - Class A Common Stock",NASDAQ
DYN,15.229999542236328,2734511.4,2838545664.0,"Dyne Therapeutics, Inc. - Common Stock",NASDAQ
NYT,61.814998626708984,2730949.0,9974583296.0,New York Times Company (The) Common Stock,NYSE
KRMN,34.15999984741211,2729443.2,4569762304.0,Karman Holdings Inc. Common Stock,NYSE
WHR,30.1299991607666,2728372.6,1970977152.0,Whirlpool Corporation Common Stock,NYSE
ING,34.630001068115234,2724905.4,98569920512.0,"ING Group, N.V. Common Stock",NYSE
GO,11.614999771118164,2722324.0,1154829824.0,Grocery Outlet Holding Corp. - Common Stock,NASDAQ
TPR,117.30000305175781,2720815.6,23397617664.0,"Tapestry, Inc. Common Stock",NYSE
ES,64.66000366210938,2719050.4,24312471552.0,Eversource Energy (D/B/A) Common Stock,NYSE
AMH,30.354999542236328,2712460.0,12442043392.0,American Homes 4 Rent Common Shares of Beneficial Interest,NYSE
TSN,51.68000030517578,2712065.6,18235631616.0,"Tyson Foods, Inc. Common Stock",NYSE
AHRT,6.045000076293945,2708970.2,581209728.0,"AH Realty Trust, Inc. Common Stock",NYSE
BXDC,17.549999237060547,2705543.6,1758857088.0,Blackstone Digital Infrastructure Trust Inc. Common Stock,NYSE
EL,91.2699966430664,2704453.6,33167028224.0,"Estee Lauder Companies, Inc. (The) Common Stock",NYSE
CLX,79.94999694824219,2699493.0,9666619392.0,Clorox Company (The) Common Stock,NYSE
EOG,141.32000732421875,2696531.8,75153891328.0,"EOG Resources, Inc. Common Stock",NYSE
HE,8.914999961853027,2695639.8,1542490240.0,"Hawaiian Electric Industries, Inc. Common Stock",NYSE
ALGM,39.560001373291016,2690986.8,7400161280.0,"Allegro MicroSystems, Inc. - Common Stock",NASDAQ
OVV,60.189998626708984,2690031.2,16717703168.0,Ovintiv Inc. (DE),NYSE
BSBR,5.364999771118164,2688467.6,40133148672.0,"Banco Santander Brasil SA American Depositary Shares, each representing one unit",NYSE
ADPT,28.18000030517578,2676864.8,4506986496.0,Adaptive Biotechnologies Corporation - Common Stock,NASDAQ
GLPI,37.814998626708984,2675574.4,11355560960.0,"Gaming and Leisure Properties, Inc. - Common Stock",NASDAQ
DDOG,278.0,2673169.8,99702915072.0,"Datadog, Inc. - Class A Common Stock",NASDAQ
DXC,11.109999656677246,2672688.8,1779934592.0,DXC Technology Company Common Stock ,NYSE
ALL,224.36000061035156,2670680.0,56822239232.0,Allstate Corporation (The) Common Stock,NYSE
NAD,10.284000396728516,2669750.0,2403989760.0,Nuveen Quality Municipal Income Fund Common Stock,NYSE
AMGN,402.7300109863281,2665520.2,218566705152.0,Amgen Inc. - Common Stock,NASDAQ
FLR,49.65999984741211,2660554.4,6644256256.0,Fluor Corporation Common Stock,NYSE
UROY,3.940000057220459,2655071.0,1509026688.0,Uranium Royalty Corp. - Common Stock,NASDAQ
ZTO,19.524999618530273,2648418.6,14656159744.0,"ZTO Express (Cayman) Inc. American Depositary Shares, each representing one Class A ordinary share.",NYSE
VLO,407.4599914550781,2632969.2,117094334464.0,Valero Energy Corporation Common Stock,NYSE
ACAD,20.204999923706055,2631905.4,3442697216.0,ACADIA Pharmaceuticals Inc. - Common Stock,NASDAQ
JPC,6.920100212097168,2627737.8,2598443520.0,Nuveen Preferred & Income Opportunities Fund,NYSE
NRG,95.17500305175781,2623864.0,19995222016.0,"NRG Energy, Inc. Common Stock",NYSE
WSC,17.28499984741211,2622125.6,3144569088.0,WillScot Holdings Corporation - Class A Common Stock,NASDAQ
TH,18.799999237060547,2617029.6,1832266880.0,Target Hospitality Corp. - Common Stock,NASDAQ
PLNT,42.34000015258789,2612416.8,3206146816.0,"Planet Fitness, Inc. Common Stock",NYSE
IONS,43.400001525878906,2612023.8,7212399616.0,"Ionis Pharmaceuticals, Inc. - Common Stock",NASDAQ
AVAH,12.6899995803833,2611324.4,2753736960.0,Aveanna Healthcare Holdings Inc. - Common Stock,NASDAQ
RELY,22.190000534057617,2605786.8,4741722624.0,"Remitly Global, Inc. - Common stock",NASDAQ
APTV,43.459999084472656,2604433.6,9177981952.0,Aptiv PLC Ordinary Shares,NYSE
SGI,62.70000076293945,2603986.8,14429088768.0,Somnigroup International Inc. Common Stock,NYSE
GOF,8.666199684143066,2599255.4,1935057536.0,Guggenheim Strategic Opportunities Fund Common Shares of Beneficial Interest,NYSE
PGR,209.3665008544922,2589524.6,121451601920.0,Progressive Corporation (The) Common Stock,NYSE
AMT,163.08999633789062,2585691.8,76037693440.0,American Tower Corporation (REIT) Common Stock,NYSE
RDN,32.279998779296875,2577902.0,4311699968.0,Radian Group Inc. Common Stock,NYSE
DV,13.484999656677246,2574261.2,2106120064.0,"DoubleVerify Holdings, Inc. Common Stock",NYSE
BOX,34.380001068115234,2567892.0,4722450432.0,"Box, Inc. Class A Common Stock",NYSE
MTCH,40.709999084472656,2565781.8,9359941632.0,"Match Group, Inc. - Common Stock",NASDAQ
FTNT,180.8350067138672,2555316.8,132251885568.0,"Fortinet, Inc. - Common Stock",NASDAQ
RPRX,57.20000076293945,2550027.8,33066633216.0,Royalty Pharma plc - Class A Ordinary Shares,NASDAQ
ETSY,73.05000305175781,2548079.6,6684464640.0,"Etsy, Inc. Common Stock",NYSE
LTH,41.275001525878906,2546467.8,9195459584.0,"Life Time Group Holdings, Inc. Common Stock",NYSE
SPGI,383.5799865722656,2544106.2,113018953728.0,S&P Global Inc. Common Stock,NYSE
JCI,155.47999572753906,2543669.4,93998948352.0,Johnson Controls International plc Ordinary Share,NYSE
CMPS,11.829999923706055,2538556.4,1634026496.0,COMPASS Pathways Plc - American Depository Shares,NASDAQ
APG,40.69499969482422,2534427.0,17504653312.0,APi Group Corporation Common Stock,NYSE
ADM,80.83999633789062,2534300.6,38787862528.0,Archer-Daniels-Midland Company Common Stock,NYSE
COLB,28.825000762939453,2534060.6,8157855744.0,"Columbia Banking System, Inc. - Common Stock",NASDAQ
ADI,415.8550109863281,2532055.2,201632530432.0,"Analog Devices, Inc. - Common Stock",NASDAQ
AMX,21.087499618530273,2530832.8,63111680000.0,"America Movil, S.A.B. de C.V. American Depositary Shares (each representing the right to receive twenty (20) Series B Shares",NYSE
PAA,23.610000610351562,2527524.8,16669007872.0,"Plains All American Pipeline, L.P. - Common Units representing Limited Partner Interests",NASDAQ
NKTR,43.54999923706055,2524824.8,1494097280.0,Nektar Therapeutics - Common Stock,NASDAQ
MRVI,7.829999923706055,2524771.2,2909159680.0,"Maravai LifeSciences Holdings, Inc. - Class A common stock",NASDAQ
REPL,13.085000038146973,2523188.8,1230508416.0,"Replimune Group, Inc. - Common Stock",NASDAQ
LEVI,19.655000686645508,2522712.0,7587329024.0,Levi Strauss & Co Class A Common Stock,NYSE
CTRE,36.3849983215332,2517949.2,8579806208.0,"CareTrust REIT, Inc. Common Stock",NYSE
PCOR,50.91999816894531,2515911.6,7739085824.0,"Procore Technologies, Inc. Common Stock",NYSE
ED,103.5,2506773.4,38247677952.0,"Consolidated Edison, Inc. Common Stock",NYSE
NEXT,6.619999885559082,2505388.0,1752831104.0,NextDecade Corporation - Common Stock,NASDAQ
HALO,109.16999816894531,2503651.8,12431435776.0,"Halozyme Therapeutics, Inc. - Common Stock",NASDAQ
NXPI,243.8300018310547,2497770.8,61704572928.0,NXP Semiconductors N.V. - Common Stock,NASDAQ
XENE,37.310001373291016,2489604.8,3647979008.0,Xenon Pharmaceuticals Inc. - Common Shares,NASDAQ
WYNN,76.63500213623047,2476773.8,7868235264.0,"Wynn Resorts, Limited - Common Stock",NASDAQ
LKQ,22.770000457763672,2476086.0,5776037376.0,LKQ Corporation - Common Stock,NASDAQ
HUN,8.569999694824219,2473292.6,1499487232.0,Huntsman Corporation Common Stock,NYSE
ZM,92.31999969482422,2470433.0,27039596544.0,"Zoom Communications, Inc. - Class A Common Stock",NASDAQ
CP,86.08999633789062,2469744.4,75565654016.0,Canadian Pacific Kansas City Limited Common Shares,NYSE
RLAY,18.670000076293945,2469278.0,4111097088.0,"Relay Therapeutics, Inc. - Common Stock",NASDAQ
NNN,40.959999084472656,2465687.0,7821204480.0,"NNN REIT, Inc. Common Stock",NYSE
RSKD,7.835000038146973,2464656.8,1037156416.0,Riskified Ltd. Class A Ordinary Shares,NYSE
NET,351.7149963378906,2455410.2,124679528448.0,"Cloudflare, Inc. Class A Common Stock",NYSE
GLAS,5.480000019073486,2452454.6,513621632.0,Glass House Brands Inc. Subordinate Voting Shares,NYSE
GEVO,1.3200000524520874,2450081.4,323880608.0,"Gevo, Inc. - Common Stock",NASDAQ
VIPS,12.274999618530273,2448828.0,5855782400.0,"Vipshop Holdings Limited American Depositary Shares, each representing two ordinary shares",NYSE
GFS,50.060001373291016,2448703.0,27909949440.0,GlobalFoundries Inc. - Ordinary Share,NASDAQ
SYF,72.12999725341797,2446903.4,23512924160.0,Synchrony Financial Common Stock,NYSE
DEI,9.869999885559082,2446351.6,1993713920.0,"Douglas Emmett, Inc. Common Stock",NYSE
HONA,154.4199981689453,2443449.0,48861462528.0,Honeywell Aerospace Inc. - Common Stock,NASDAQ
BJ,94.68000030517578,2442637.6,11970211840.0,"BJ's Wholesale Club Holdings, Inc. Common Stock",NYSE
CLBT,11.140000343322754,2441324.2,2783602176.0,Cellebrite DI Ltd. - Ordinary Shares,NASDAQ
DKS,136.72000122070312,2436099.2,13516859392.0,Dick's Sporting Goods Inc Common Stock,NYSE
ARCO,7.054999828338623,2436007.4,1487281152.0,Arcos Dorados Holdings Inc. Class A Shares,NYSE
BBY,88.08499908447266,2435072.0,18462328832.0,"Best Buy Co., Inc. Common Stock",NYSE
AZN,156.97999572753906,2433257.6,243065716736.0,AstraZeneca PLC Ordinary Shares,NYSE
MRSH,170.3800048828125,2430079.8,81383604224.0,Marsh Common Stock,NYSE
CUBE,37.70000076293945,2414503.0,8554009600.0,CubeSmart Common Shares,NYSE
AMCR,41.97999954223633,2413046.4,19385550848.0,Amcor plc Ordinary Shares,NYSE
CHTR,109.22000122070312,2407224.0,14249850880.0,"Charter Communications, Inc. - Class A Common Stock",NASDAQ
ZIM,29.639999389648438,2403208.0,3563766528.0,ZIM Integrated Shipping Services Ltd. Ordinary Shares,NYSE
CDNS,348.0199890136719,2402142.8,96400449536.0,"Cadence Design Systems, Inc. - Common Stock",NASDAQ
BRSL,9.914999961853027,2401172.6,1811890432.0,"Brightstar Lottery PLC Trading under the Legal Name to begin at the market open on July 21, 2025. Ordinary Shares",NYSE
PSX,265.75,2400355.0,106217381888.0,Phillips 66 Common Stock,NYSE
IMMX,9.75,2395437.2,799184512.0,"Immix Biopharma, Inc. - Common Stock",NASDAQ
SEDG,32.70000076293945,2390606.8,2021428480.0,"SolarEdge Technologies, Inc. - Common Stock",NASDAQ
REXR,36.88999938964844,2387584.6,8443505152.0,"Rexford Industrial Realty, Inc. Common Stock",NYSE
MUX,17.760000228881836,2385474.8,1092182400.0,McEwen Inc. Common Stock,NYSE
WT,24.790000915527344,2378913.0,3743864064.0,"WisdomTree, Inc. Common Stock",NYSE
TPG,44.959999084472656,2374630.0,17552097280.0,TPG Inc. - Class A Common Stock,NASDAQ
RRC,37.95000076293945,2373083.4,8907863040.0,Range Resources Corporation Common Stock,NYSE
ASM,5.525000095367432,2371331.6,937601024.0,Avino Silver & Gold Mines Ltd. Common Shares (Canada),AMEX
TRMB,57.755001068115234,2362129.6,13470799872.0,Trimble Inc. - Common Stock,NASDAQ
VTR,84.3499984741211,2355242.0,43267026944.0,"Ventas, Inc. Common Stock",NYSE
TRX,1.1950000524520874,2355097.6,391331456.0,TRX Gold Corporation Common Stock,AMEX
ZURA,4.125,2345430.0,392420288.0,Zura Bio Limited - Class A Ordinary shares,NASDAQ
OUST,43.040000915527344,2334918.2,3096864256.0,"Ouster, Inc. - Common Stock",NASDAQ
REAL,8.904999732971191,2331191.2,1082264576.0,"The RealReal, Inc. - Common Stock",NASDAQ
INSM,109.56999969482422,2326474.8,24007770112.0,Insmed Incorporated - Common Stock,NASDAQ
GEO,31.670000076293945,2326076.4,4158520576.0,Geo Group Inc (The) REIT,NYSE
SYK,275.875,2325703.0,105605332992.0,Stryker Corporation Common Stock,NYSE
WMG,27.259899139404297,2323910.4,14131810304.0,Warner Music Group Corp. - Class A Common Stock,NASDAQ
POR,44.459999084472656,2321655.4,5217079808.0,Portland General Electric Co Common Stock,NYSE
LZ,5.59499979019165,2321276.4,963364608.0,"LegalZoom.com, Inc. - Common Stock",NASDAQ
FICO,666.4500122070312,2319090.6,14241912832.0,Fair Isaac Corporation Common Stock,NYSE
PRGO,14.300000190734863,2318016.8,1994114048.0,Perrigo Company plc Ordinary Shares,NYSE
EFX,140.80999755859375,2314686.0,16535999488.0,"Equifax, Inc. Common Stock",NYSE
FIGS,13.787500381469727,2311310.6,2286089728.0,"FIGS, Inc. Class A Common Stock",NYSE
NB,3.4549999237060547,2307696.2,505368960.0,NioCorp Developments Ltd. - Common Stock,NASDAQ
OGG,2.789900064468384,2305126.8,854816768.0,Osisko Gold Group Inc. Common Shares,NYSE
AHR,51.06999969482422,2301955.2,11126657024.0,"American Healthcare REIT, Inc. Common Stock",NYSE
NTR,70.0999984741211,2290172.8,33497761792.0,Nutrien Ltd. Common Shares,NYSE
JBL,305.75,2289432.4,32093140992.0,Jabil Inc. Common Stock,NYSE
ILMN,268.2300109863281,2287623.6,40659767296.0,"Illumina, Inc. - Common Stock",NASDAQ
EVH,3.4649999141693115,2286488.6,394011776.0,"Evolent Health, Inc Class A Common Stock",NYSE
NOG,23.549999237060547,2279158.6,2518821376.0,"Northern Oil and Gas, Inc. Common Stock",NYSE
SLM,22.71500015258789,2278206.6,4276060160.0,SLM Corporation - Common Stock,NASDAQ
DGXX,3.8796000480651855,2278190.0,388349312.0,Digi Power X Inc. - Common Subordinate Voting Shares,NASDAQ
BWA,60.650001525878906,2278063.6,12374767616.0,BorgWarner Inc. Common Stock,NYSE
BUR,3.694999933242798,2274588.4,809168832.0,Burford Capital Limited Ordinary Shares,NYSE
DB,34.93000030517578,2271979.4,65718026240.0,Deutsche Bank AG Common Stock,NYSE
LPL,3.125,2271695.4,3140000000.0,"LG Display Co, Ltd AMERICAN DEPOSITORY SHARES",NYSE
TIGR,4.159999847412109,2262012.0,748156672.0,UP Fintech Holding Limited - American Depositary Shares representing fifteen Class A Ordinary Shares,NASDAQ
FND,45.78499984741211,2261551.0,4884694528.0,"Floor & Decor Holdings, Inc. Common Stock",NYSE
AIOT,2.8350000381469727,2260174.0,381161344.0,"PowerFleet, Inc. - Common Stock",NASDAQ
AM,20.475000381469727,2257864.4,9716576256.0,Antero Midstream Corporation Common Stock,NYSE
BUD,73.2509994506836,2256021.0,144455286784.0,Anheuser-Busch Inbev SA Sponsored ADR (Belgium),NYSE
MGNI,24.8700008392334,2255805.8,3566959104.0,"Magnite, Inc. - Common Stock",NASDAQ
BNS,91.04000091552734,2254953.6,110838898688.0,Bank Nova Scotia Halifax Pfd 3 Ordinary Shares,NYSE
BANC,17.704999923706055,2249818.8,2804965120.0,"Banc of California, Inc. Common Stock",NYSE
GRND,13.6850004196167,2246753.4,2371782400.0,Grindr Inc. Common Stock,NYSE
WELL,228.05999755859375,2243942.2,164607475712.0,Welltower Inc. Common Stock,NYSE
FTI,68.91500091552734,2243876.0,27055419392.0,TechnipFMC plc Ordinary Share,NYSE
CCXI,12.069999694824219,2242153.2,671185024.0,Churchill Capital Corp XI - Class A Ordinary Shares,NASDAQ
WOOF,2.1600000858306885,2241475.6,620097920.0,"Petco Health and Wellness Company, Inc. - Class A Common Stock",NASDAQ
UNP,277.2550048828125,2229529.8,164852989952.0,Union Pacific Corporation Common Stock,NYSE
NVST,23.479999542236328,2226067.6,3784153088.0,Envista Holdings Corporation Common Stock,NYSE
SBRA,19.18000030517578,2223734.0,4890834432.0,"Sabra Health Care REIT, Inc. - Common Stock",NASDAQ
CLS,383.80999755859375,2223691.8,48349745152.0,"Celestica, Inc. Common Stock",NYSE
ALKS,41.650001525878906,2223474.8,6982306816.0,Alkermes plc - Ordinary Shares,NASDAQ
WTRG,39.2599983215332,2222611.6,11118445568.0,"Essential Utilities, Inc. Common Stock",NYSE
SONO,17.924999237060547,2220006.0,2110955904.0,"Sonos, Inc. - Common Stock",NASDAQ
SEI,74.8499984741211,2217515.2,7473519616.0,"Solaris Energy Infrastructure, Inc. Class A Common Stock",NYSE
SLI,1.7450000047683716,2216462.8,430638368.0,Standard Lithium Ltd. Common Shares,AMEX
OMC,73.87039947509766,2215011.0,21141760000.0,Omnicom Group Inc. Common Stock,NYSE
FOUR,35.869998931884766,2212108.2,2828746240.0,"Shift4 Payments, Inc. Class A Common Stock",NYSE
PGY,18.235000610351562,2207193.0,1516264576.0,Pagaya Technologies Ltd. - Class A Ordinary Shares,NASDAQ
VOYG,30.670000076293945,2206676.6,1870540672.0,"Voyager Technologies, Inc. Class A Common Stock",NYSE
BMBL,2.5399999618530273,2201474.8,388404512.0,Bumble Inc. - common stock,NASDAQ
ARX,19.739999771118164,2192533.8,4285151744.0,Accelerant Holdings Class A Common Shares,NYSE
XYL,101.70999908447266,2191708.0,23788570624.0,Xylem Inc. Common Stock New,NYSE
SFM,64.04000091552734,2191468.8,5976706560.0,"Sprouts Farmers Market, Inc. - Common Stock",NASDAQ
EQH,52.93000030517578,2187319.6,14470224896.0,"Equitable Holdings, Inc. Common Stock",NYSE
UPWK,8.09000015258789,2187187.4,1006096640.0,Upwork Inc. - Common Stock,NASDAQ
SHMD,4.545000076293945,2186957.8,301656704.0,SCHMID Group N.V. - Class A Ordinary Shares,NASDAQ
ARQT,25.184999465942383,2185992.0,3157382144.0,"Arcutis Biotherapeutics, Inc. - Common stock",NASDAQ
CF,115.72000122070312,2181734.4,17531009024.0,"CF Industries Holdings, Inc. Common Stock",NYSE
GNTX,22.14229965209961,2180166.0,4717948416.0,Gentex Corporation - Common Stock,NASDAQ
WPM,135.48599243164062,2178320.4,61679464448.0,Wheaton Precious Metals Corp Common Shares (Canada),NYSE
AEE,100.01499938964844,2178260.8,27651104768.0,Ameren Corporation Common Stock,NYSE
W,101.0999984741211,2176138.0,13235948544.0,Wayfair Inc. Class A Common Stock,NYSE
NN,14.109999656677246,2173640.8,2396425472.0,NextNav Inc. - Common stock,NASDAQ
FBIN,38.439998626708984,2170381.2,4586849280.0,"Fortune Brands Innovations, Inc. Common Stock",NYSE
TNDM,16.579999923706055,2169957.0,1145961216.0,"Tandem Diabetes Care, Inc. - Common Stock",NASDAQ
UBS,47.779998779296875,2169373.2,146305351680.0,UBS Group AG Registered Ordinary Shares,NYSE
CYTK,64.76499938964844,2160902.8,8987864064.0,"Cytokinetics, Incorporated - Common Stock",NASDAQ
PNR,53.310001373291016,2160023.0,8631351296.0,Pentair plc. Ordinary Share,NYSE
QSR,69.93000030517578,2159801.2,32163971072.0,Restaurant Brands International Inc. Common Shares,NYSE
GAU,1.965000033378601,2156708.2,515100320.0,Galiano Gold Inc.,AMEX
TAL,11.970000267028809,2151591.8,6667175936.0,TAL Education Group American Depositary Shares,NYSE
MFA,7.695000171661377,2151341.0,777871680.0,"MFA Financial, Inc.",NYSE
FLEX,116.875,2150347.4,43172089856.0,Flex Ltd. - Ordinary Shares,NASDAQ
CCCC,3.0950000286102295,2146874.4,375841792.0,"C4 Therapeutics, Inc. - Common Stock",NASDAQ
ICE,150.53500366210938,2142014.4,84402855936.0,Intercontinental Exchange Inc. Common Stock,NYSE
CIEN,388.6000061035156,2139863.2,55398920192.0,Ciena Corporation Common Stock,NYSE
A,167.84500122070312,2139230.6,47335854080.0,"Agilent Technologies, Inc. Common Stock",NYSE
BRZE,25.640100479125977,2138482.4,2914576384.0,"Braze, Inc. - Class A Common Stock",NASDAQ
LPTH,10.970000267028809,2138382.8,770398848.0,"LightPath Technologies, Inc. - Class A Common Stock",NASDAQ
RVTY,151.32000732421875,2137837.6,16883022848.0,"Revvity, Inc. Common Stock",NYSE
NZF,10.96500015258789,2136399.6,2153383424.0,Nuveen Municipal Credit Income Fund ,NYSE
NCNO,18.795000076293945,2134232.6,1981495936.0,"nCino, Inc. - Common Stock",NASDAQ
OGE,45.27000045776367,2133814.2,9317800960.0,OGE Energy Corp Common Stock,NYSE
SGMT,9.0,2128529.2,639596160.0,Sagimet Biosciences Inc. - Series A Common Stock,NASDAQ
IE,10.475000381469727,2127226.8,1665324416.0,Ivanhoe Electric Inc. Common Stock,AMEX
BLDP,2.055000066757202,2121636.8,716225024.0,"Ballard Power Systems, Inc. - Common Shares",NASDAQ
CBRE,130.77999877929688,2119032.2,37912645632.0,CBRE Group Inc Common Stock Class A,NYSE
RBRK,118.01000213623047,2117946.6,24345401344.0,"Rubrik, Inc. Class A Common Stock",NYSE
BRO,60.32500076293945,2111170.0,20205447168.0,"Brown & Brown, Inc. Common Stock",NYSE
PMT,7.885000228881836,2109605.0,687154624.0,PennyMac Mortgage Investment Trust Common Shares of Beneficial Interest,NYSE
CRK,12.78499984741211,2109378.0,3778896384.0,"Comstock Resources, Inc. Common Stock",NYSE
EXLS,35.939998626708984,2109231.6,5495602176.0,"ExlService Holdings, Inc. - Common Stock",NASDAQ
DTE,124.5199966430664,2105442.6,25866387456.0,DTE Energy Company Common Stock,NYSE
TRVI,14.050000190734863,2105175.6,1967591424.0,"Trevi Therapeutics, Inc. - Common Stock",NASDAQ
GTX,27.19499969482422,2104134.8,5110245888.0,Garrett Motion Inc. - Common Stock,NASDAQ
SMPL,9.774999618530273,2102143.0,864955008.0,The Simply Good Foods Company - Common Stock,NASDAQ
ULCC,6.170000076293945,2099831.4,1431942016.0,"Frontier Group Holdings, Inc. - Common Stock",NASDAQ
TROX,3.9000000953674316,2093788.6,629218112.0,Tronox Holdings plc Ordinary Shares (UK),NYSE
QFIN,6.514999866485596,2087602.0,794543872.0,"Qfin Holdings, Inc.  - American Depositary Shares",NASDAQ
REI,1.3049999475479126,2084894.8,342609600.0,"Ring Energy, Inc. Common Stock",AMEX
TAK,17.850099563598633,2081256.0,57148018688.0,Takeda Pharmaceutical Company Limited American Depositary Shares (each representing 1/2 of a share of Common Stock),NYSE
LEGN,18.71500015258789,2075708.8,3638878208.0,Legend Biotech Corporation - American Depositary Shares,NASDAQ
OTF,9.570099830627441,2074814.8,4403207168.0,Blue Owl Technology Finance Corp. Common Stock,NYSE
DFTX,37.05500030517578,2066147.0,4970233344.0,"Definium Therapeutics, Inc.  - Common Shares",NASDAQ
EBC,21.350000381469727,2065116.4,4879864320.0,"Eastern Bankshares, Inc. - Common Stock",NASDAQ
EVLV,4.579999923706055,2060472.4,824710400.0,"Evolv Technologies Holdings, Inc. - Class A Common Stock",NASDAQ
COST,915.5599975585938,2059655.2,407017881600.0,Costco Wholesale Corporation - Common Stock,NASDAQ
NUV,8.25,2059574.8,1736096640.0,"Nuveen Municipal Value Fund, Inc. Common Stock",NYSE
VGZ,2.6700000762939453,2056248.2,391933056.0,Vista Gold Corp Common Stock,AMEX
NVG,10.75,2055142.0,2310368512.0,Nuveen AMT-Free Municipal Credit Income Fund ,NYSE
DG,118.7300033569336,2053812.0,26264428544.0,Dollar General Corporation Common Stock,NYSE
CXW,33.81999969482422,2051633.0,3320843520.0,"CoreCivic, Inc. Common Stock",NYSE
APLE,16.43000030517578,2049708.4,3880019200.0,"Apple Hospitality REIT, Inc. Common Shares",NYSE
CENX,35.68000030517578,2047622.0,3525151232.0,Century Aluminum Company - Common Stock,NASDAQ
FSLR,175.63499450683594,2045341.2,18907160576.0,"First Solar, Inc. - Common Stock",NASDAQ
LLY,1142.3699951171875,2041453.2,1022832214016.0,Eli Lilly and Company Common Stock,NYSE
GPN,78.98999786376953,2040662.4,20915437568.0,Global Payments Inc. Common Stock,NYSE
FIVN,34.38999938964844,2040620.2,2579456256.0,"Five9, Inc. - Common Stock",NASDAQ
MLCO,4.150000095367432,2039517.0,1581815296.0,Melco Resorts & Entertainment Limited - American Depositary Shares ,NASDAQ
NVS,140.13499450683594,2037218.8,266993418240.0,Novartis AG Common Stock,NYSE
HWM,231.06500244140625,2035312.2,91724324864.0,Howmet Aerospace Inc. Common Stock,NYSE
USFD,97.3499984741211,2030887.0,21103063040.0,US Foods Holding Corp. Common Stock,NYSE
ARES,118.77999877929688,2028148.4,39295541248.0,Ares Management Corporation Class A Common Stock,NYSE
TER,448.3999938964844,2019267.4,70257188864.0,"Teradyne, Inc. - Common Stock",NASDAQ
SOLS,57.560001373291016,2011870.4,9147226112.0,Solstice Advanced Materials Inc. - Common Stock,NASDAQ
DINO,113.4749984741211,2009869.2,20112687104.0,HF Sinclair Corporation Common Stock,NYSE
BRKR,63.720001220703125,2009163.2,9676339200.0,Bruker Corporation - Common Stock,NASDAQ
AU,94.83200073242188,2008903.0,47957041152.0,AngloGold Ashanti PLC Ordinary Shares,NYSE
CAT,849.0999755859375,2004874.2,389565251584.0,"Caterpillar, Inc. Common Stock",NYSE
LIN,477.6400146484375,2004676.6,220247097344.0,Linde plc - Ordinary Shares,NASDAQ
ZS,196.94500732421875,2001727.2,32115255296.0,"Zscaler, Inc. - Common Stock",NASDAQ
MDU,18.635000228881836,1998765.2,3915655168.0,"MDU Resources Group, Inc. Common Stock (Holding Company)",NYSE
JBI,4.199999809265137,1998609.4,574394688.0,"Janus International Group, Inc. Common Stock",NYSE
WRB,68.94999694824219,1997276.2,25625835520.0,W.R. Berkley Corporation Common Stock,NYSE
BIDU,84.33999633789062,1994255.4,28713027584.0,"Baidu, Inc. - American Depositary Shares, each representing 8 ordinary share",NASDAQ
NEO,18.389999389648438,1991432.4,2385479680.0,"NeoGenomics, Inc. - Common Stock",NASDAQ
DLTR,111.77989959716797,1989450.0,21037109248.0,"Dollar Tree, Inc. - Common Stock",NASDAQ
TBLA,3.2699999809265137,1983041.6,878004992.0,Taboola.com Ltd. - Ordinary Shares,NASDAQ
BSY,32.38999938964844,1974888.2,9775726592.0,"Bentley Systems, Incorporated - Class B Common Stock",NASDAQ
FSK,10.975000381469727,1972112.8,3038361344.0,FS KKR Capital Corp. Common Stock,NYSE
TTWO,203.05999755859375,1967258.2,37876629504.0,"Take-Two Interactive Software, Inc. - Common Stock",NASDAQ
EROC,12.555000305175781,1964602.4,3405325568.0,"ERock, Inc. Class A Common Stock",NYSE
GEMI,4.664999961853027,1964006.2,599291392.0,"Gemini Space Station, Inc. - Class A Common Stock",NASDAQ
SUZ,8.430000305175781,1961262.6,10431319040.0,Suzano S.A. American Depositary Shares (each representing One Ordinary Share),NYSE
DDD,3.690000057220459,1958544.8,614744000.0,3D Systems Corporation Common Stock,NYSE
BXSL,23.647499084472656,1957437.2,5505082368.0,Blackstone Secured Lending Fund Common Shares of Beneficial Interest,NYSE
BTSG,59.744998931884766,1957342.8,11801612288.0,"BrightSpring Health Services, Inc. - Common Stock",NASDAQ
DOCU,68.54000091552734,1955090.2,12848609280.0,"DocuSign, Inc. - Common Stock",NASDAQ
PAYO,7.15500020980835,1953209.0,2426171904.0,Payoneer Global Inc. - Common Stock,NASDAQ
AADX,12.55459976196289,1951764.4,2138644992.0,"Applied Aerospace & Defense, Inc. Common Stock",NYSE
LW,43.48500061035156,1951306.8,5988766208.0,"Lamb Weston Holdings, Inc. Common Stock ",NYSE
FER,53.4900016784668,1949448.4,38571200512.0,Ferrovial N.V. - Ordinary Shares,NASDAQ
MPC,423.260009765625,1947972.4,123643895808.0,Marathon Petroleum Corporation Common Stock,NYSE
WLTH,10.135000228881836,1945878.4,1565668864.0,Wealthfront Corporation - Common Stock,NASDAQ
NTNX,72.49500274658203,1945658.4,19610927104.0,"Nutanix, Inc. - Class A Common Stock",NASDAQ
EFC,11.688599586486816,1945225.8,1534516352.0,Ellington Financial Inc. Common Stock ,NYSE
HIG,125.66000366210938,1941775.8,34087886848.0,"The Hartford Insurance Group, Inc. Common Stock",NYSE
SRAD,11.743900299072266,1939414.6,3470033152.0,Sportradar Group AG - Class A Ordinary Shares,NASDAQ
PAGP,25.950000762939453,1938479.6,6045196288.0,"Plains GP Holdings, L.P. - Class A Shares representing limited partner interests",NASDAQ
TTAN,67.44999694824219,1931859.0,6463349760.0,"ServiceTitan, Inc. - Class A Common Stock",NASDAQ
RELX,33.38999938964844,1931197.2,58048081920.0,RELX PLC PLC American Depositary Shares (Each representing One Ordinary Share),NYSE
CI,269.0899963378906,1930984.6,70829654016.0,The Cigna Group Common Stock,NYSE
HSBC,95.84500122070312,1927217.2,328172765184.0,"HSBC Holdings, plc. Common Stock",NYSE
HYLN,4.490099906921387,1924922.2,796543616.0,Hyliion Holdings Corp. Class A Common Stock,AMEX
NMRK,12.760000228881836,1923952.0,3116711936.0,"Newmark Group, Inc. - Class A Common Stock",NASDAQ
LU,1.0399999618530273,1922520.8,901356416.0,"Lufax Holding Ltd American Depositary Shares, each representing two (2) Ordinary Shares",NYSE
SAP,206.72999572753906,1919113.2,239128035328.0,SAP  SE ADS,NYSE
QNC,1.600100040435791,1918797.8,352168576.0,Quantum eMotion Corp. Common Shares,AMEX
RLX,1.7000000476837158,1916211.4,2077832832.0,"RLX Technology Inc. American Depositary Shares, each representing the right to receive one (1) Class A ordinary share",NYSE
TTE,84.76000213623047,1911370.6,187337326592.0,TotalEnergies SE Ordinary Shares,NYSE
VSTM,7.679999828338623,1910607.0,681942720.0,"Verastem, Inc. - Common Stock",NASDAQ
SRPT,17.264999389648438,1903232.4,1823090816.0,"Sarepta Therapeutics, Inc. - Common Stock",NASDAQ
YOU,41.279998779296875,1903093.2,5625020928.0,"Clear Secure, Inc. Class A Common Stock",NYSE
HYMC,18.719999313354492,1902620.6,1749952000.0,Hycroft Mining Holding Corporation - Class A Common Stock,NASDAQ
CHD,94.12000274658203,1901424.4,22354096128.0,"Church & Dwight Company, Inc. Common Stock",NYSE
BEPC,28.68000030517578,1901040.8,5299845632.0,Brookfield Renewable Corporation Brookfield Renewable Corporation Class A Subordinate Voting Shares,NYSE
CNK,35.95000076293945,1900577.2,4164712960.0,"Cinemark Holdings Inc Cinemark Holdings, Inc. Common Stock",NYSE
BALL,56.810001373291016,1898384.4,15122801664.0,Ball Corporation Common Stock,NYSE
SSRM,33.29499816894531,1894516.6,6904265728.0,SSR Mining Inc. - Common Stock,NASDAQ
TMO,653.5700073242188,1892601.8,241770364928.0,Thermo Fisher Scientific Inc Common Stock,NYSE
TTMI,131.6300048828125,1891326.8,13921326080.0,"TTM Technologies, Inc. - Common Stock",NASDAQ
TTI,5.954999923706055,1886405.2,889177088.0,"Tetra Technologies, Inc. Common Stock",NYSE
FWONK,90.41999816894531,1882076.2,22770597888.0,Liberty Media Corporation - Series C Common Stock,NASDAQ
GEV,990.2999877929688,1881118.2,263682228224.0,GE Vernova Inc. Common Stock,NYSE
WM,203.52999877929688,1880193.0,81725775872.0,"Waste Management, Inc. Common Stock",NYSE
AQST,4.494999885559082,1879054.0,565430016.0,"Aquestive Therapeutics, Inc. - Common Stock",NASDAQ
CCOI,8.505000114440918,1877933.4,437894560.0,"Cogent Communications Holdings, Inc. - Common Stock",NASDAQ
HON,213.66000366210938,1876063.8,67854004224.0,Honeywell International Inc. - Common Stock,NASDAQ
EPRT,25.825000762939453,1869960.0,5615605248.0,"Essential Properties Realty Trust, Inc. Common Stock",NYSE
FWDI,8.274999618530273,1869561.0,611068608.0,"Forward Industries, Inc. - Common Stock",NASDAQ
RIO,93.58000183105469,1869515.8,152522817536.0,Rio Tinto Plc Common Stock,NYSE
QNT,46.345001220703125,1865654.6,12292905984.0,Quantinuum Inc. - Class A Common Stock,NASDAQ
STAG,36.220001220703125,1865051.4,7122286592.0,"Stag Industrial, Inc. Common Stock",NYSE
AEM,182.92999267578125,1863440.8,92796936192.0,Agnico Eagle Mines Limited Common Stock,NYSE
GIL,40.85499954223633,1860536.2,7579901952.0,"Gildan Activewear, Inc. Class A Sub. Vot. Common Stock",NYSE
ARIS,17.520000457763672,1858866.0,3608408320.0,Aris Mining Corporation Common Shares,NYSE
CSIQ,11.28499984741211,1858320.2,768591232.0,Canadian Solar Inc. - Common Shares,NASDAQ
NXT,83.47000122070312,1857150.4,12858762240.0,Nextpower Inc. - Common Stock,NASDAQ
UTZ,14.270000457763672,1849133.4,1264510592.0,Utz Brands Inc Class A Common Stock ,NYSE
LNG,269.3500061035156,1847283.0,55667171328.0,"Cheniere Energy, Inc. Common Stock",NYSE
HRB,41.91999816894531,1843771.0,5130009600.0,"H&R Block, Inc. Common Stock",NYSE
AEHR,106.69000244140625,1842079.0,3486406656.0,Aehr Test Systems - Common Stock,NASDAQ
PEB,19.0,1841230.6,2136022784.0,Pebblebrook Hotel Trust Common Shares of Beneficial Interest,NYSE
ODFL,180.10000610351562,1838970.0,37473488896.0,"Old Dominion Freight Line, Inc. - Common Stock",NASDAQ
QMCO,33.869998931884766,1838613.4,1345260288.0,Quantum Corporation - Common Stock,NASDAQ
RES,5.84499979019165,1838510.6,1294476928.0,"RPC, Inc. Common Stock",NYSE
GBDC,12.545000076293945,1836584.8,3262522112.0,"Golub Capital BDC, Inc. - Closed End Fund",NASDAQ
BAH,67.53500366210938,1834847.6,8169154048.0,Booz Allen Hamilton Holding Corporation Common Stock,NYSE
DAR,63.53499984741211,1833580.8,9972355072.0,Darling Ingredients Inc. Common Stock,NYSE
ARMK,55.470001220703125,1831787.2,14592963584.0,Aramark Common Stock,NYSE
STT,176.3300018310547,1830140.8,48440905728.0,State Street Corporation Common Stock,NYSE
WDAY,186.84500122070312,1828432.4,44885045248.0,"Workday, Inc. - Class A Common Stock",NASDAQ
ALB,104.52999877929688,1823892.0,12304387072.0,Albemarle Corporation Common Stock,NYSE
OPK,1.559999942779541,1822195.8,1168003712.0,"Opko Health, Inc. - Common Stock",NASDAQ
FHB,25.084999084472656,1817938.0,3056027136.0,"First Hawaiian, Inc. - Common Stock",NASDAQ
CSTM,24.579999923706055,1816914.0,3319074048.0,Constellium SE Ordinary Shares (France),NYSE
AAP,38.540000915527344,1811750.0,2320869888.0,Advance Auto Parts Inc.,NYSE
ARE,47.63999938964844,1807474.0,8177106944.0,"Alexandria Real Estate Equities, Inc. Common Stock",NYSE
ALC,63.70500183105469,1807374.4,30724904960.0,Alcon Inc. Ordinary Shares,NYSE
HAS,89.66000366210938,1806243.8,12656624640.0,"Hasbro, Inc. - Common Stock",NASDAQ
BMRN,57.810001373291016,1803635.6,11171141632.0,BioMarin Pharmaceutical Inc. - Common Stock,NASDAQ
GS,902.8800048828125,1802658.8,262793822208.0,"Goldman Sachs Group, Inc. (The) Common Stock",NYSE
DNLI,20.049999237060547,1802242.2,3199345664.0,Denali Therapeutics Inc. - Common Stock,NASDAQ
PBI,16.65999984741211,1800852.4,2292833792.0,Pitney Bowes Inc. Common Stock,NYSE
AON,270.6099853515625,1798340.0,57347051520.0,Aon plc Class A Ordinary Shares (Ireland),NYSE
LYV,168.0,1795677.2,39242027008.0,"Live Nation Entertainment, Inc. Common Stock",NYSE
DK,75.06999969482422,1794565.4,4577870336.0,"Delek US Holdings, Inc. Common Stock",NYSE
NMZ,8.930999755859375,1793512.6,1924310656.0,"Nuveen Municipal High Income Opportunity Fund Common Stock, $0.01 par value, per share",NYSE
KRG,24.405000686645508,1793207.0,5084589056.0,Kite Realty Group Trust Common Stock,NYSE
EXPE,265.1300048828125,1792564.2,31999557632.0,"Expedia Group, Inc. - Common Stock",NASDAQ
JAN,28.950000762939453,1790203.6,8969412608.0,"Janus Living, Inc. Class A-1 Common Stock",NYSE
GPGI,12.914999961853027,1789296.0,3745379840.0,"GPGI, Inc. Class A Common Stock",NYSE
DNOW,15.75,1783491.2,2837434368.0,DNOW Inc. Common Stock,NYSE
BIRK,33.16999816894531,1779708.4,5485492736.0,Birkenstock Holding plc Ordinary Shares,NYSE
CALY,14.539999961853027,1779524.8,2614573824.0,Callaway Golf Company Common Stock,NYSE
AHCO,5.65500020980835,1778934.6,768148032.0,AdaptHealth Corp.  - Common Stock,NASDAQ
PD,15.345000267028809,1778136.4,1205702528.0,"PagerDuty, Inc. Common Stock",NYSE
TTEK,33.25,1777298.4,8526279168.0,"Tetra Tech, Inc. - Common Stock",NASDAQ
VITL,8.890000343322754,1776363.2,379943968.0,"Vital Farms, Inc. - Common Stock",NASDAQ
IRWD,3.634999990463257,1774333.0,593211392.0,"Ironwood Pharmaceuticals, Inc. - Class A Common Stock",NASDAQ
OGN,13.725000381469727,1771441.4,3604314624.0,Organon & Co. Common Stock ,NYSE
BLDR,56.9900016784668,1771048.4,6138377728.0,"Builders FirstSource, Inc. Common Stock",NYSE
MAS,68.33000183105469,1770731.0,13489592320.0,Masco Corporation Common Stock,NYSE
ADSK,211.8300018310547,1769556.0,44289191936.0,"Autodesk, Inc. - Common Stock",NASDAQ
DHC,7.769999980926514,1769500.0,1880131584.0,Diversified Healthcare Trust  - Common Shares of Beneficial Interest,NASDAQ
DNUT,2.8568999767303467,1767895.4,497077504.0,"Krispy Kreme, Inc. - Common Stock",NASDAQ
HAPN,15.449999809265137,1764742.2,1785930496.0,"Happen, Inc. - Common Stock",NASDAQ
UTI,19.6299991607666,1764128.4,1075458944.0,Universal Technical Institute Inc Common Stock,NYSE
NNDM,1.6150000095367432,1762450.6,340504992.0,Nano Dimension Ltd. - American Depositary Shares,NASDAQ
KURA,10.675000190734863,1760561.6,950099392.0,"Kura Oncology, Inc. - Common Stock",NASDAQ
CALM,66.48500061035156,1759191.0,3101117440.0,"Cal-Maine Foods, Inc. - Common Stock",NASDAQ
MT,63.974998474121094,1754293.4,48220213248.0,Arcelor Mittal NY Registry Shares NEW,NYSE
ETN,437.42498779296875,1753513.6,169747283968.0,"Eaton Corporation, PLC Ordinary Shares",NYSE
ASB,28.915000915527344,1750187.2,5456781312.0,Associated Banc-Corp Common Stock,NYSE
CLDX,31.469999313354492,1747698.8,2469753856.0,"Celldex Therapeutics, Inc. - Common Stock",NASDAQ
INN,6.025000095367432,1747691.4,651974208.0,"Summit Hotel Properties, Inc. Common Stock",NYSE
WTTR,20.190000534057617,1743914.8,2868948736.0,"Select Water Solutions, Inc. Class A common stock",NYSE
AMTM,18.049999237060547,1743385.2,4392557568.0,"Amentum Holdings, Inc. Common Stock",NYSE
ZBH,88.0824966430664,1741116.8,16748677120.0,"Zimmer Biomet Holdings, Inc. Common Stock",NYSE
TEX,56.7400016784668,1739307.0,6508241920.0,Terex Corporation Common Stock,NYSE
RLJ,11.135000228881836,1738485.2,1709884032.0,RLJ Lodging Trust Common Shares of Beneficial Interest $0.01 par value,NYSE
PODD,131.50999450683594,1735432.8,9093653504.0,Insulet Corporation - Common Stock,NASDAQ
ADP,257.7099914550781,1735347.4,102224977920.0,"Automatic Data Processing, Inc. - Common Stock",NASDAQ
PTY,11.09000015258789,1730136.8,2457829888.0,Pimco Corporate & Income Opportunity Fund,NYSE
METC,8.199999809265137,1729936.8,522521248.0,"Ramaco Resources, Inc. - Class A Common Stock",NASDAQ
UGI,37.1431999206543,1729810.4,7962052608.0,UGI Corporation Common Stock,NYSE
CIM,9.395000457763672,1729343.4,785216832.0,Chimera Investment Corporation Common Stock,NYSE
PDM,9.085000038146973,1728575.0,1138708736.0,"Piedmont Realty Trust, Inc. Class A Common Stock",NYSE
SBLK,30.56999969482422,1726696.4,3540177152.0,Star Bulk Carriers Corp. - Common Shares,NASDAQ
CC,13.739999771118164,1725420.0,2065598720.0,Chemours Company (The) Common Stock,NYSE
OCTV,18.9950008392334,1724414.4,5105687040.0,Octave Intelligence plc - Class B Ordinary Shares,NASDAQ
FANG,184.35000610351562,1724251.6,51885428736.0,"Diamondback Energy, Inc. - Common Stock",NASDAQ
WAY,24.985000610351562,1723699.8,4730433536.0,Waystar Holding Corp. - Common Stock,NASDAQ
EXEL,58.27000045776367,1722740.8,14402311168.0,"Exelixis, Inc. - Common Stock",NASDAQ
NABL,4.204999923706055,1720636.8,794347712.0,"N-able, Inc. Common Stock",NYSE
ALOY,8.17549991607666,1719518.8,564028800.0,REalloys Inc. - Common Stock,NASDAQ
NTRA,407.0899963378906,1718772.2,58769743872.0,"Natera, Inc. - Common Stock",NASDAQ
CNX,31.475000381469727,1717254.2,4670699008.0,CNX Resources Corporation Common Stock,NYSE
SYNA,121.19999694824219,1715680.2,4827391488.0,Synaptics Incorporated - Common Stock,NASDAQ
TDS,35.494998931884766,1713232.8,4100431872.0,"Telephone and Data Systems, Inc. Common Shares",NYSE
GPCR,28.03499984741211,1713078.0,1995249792.0,Structure Therapeutics Inc. - American Depositary Shares,NASDAQ
ISRG,394.3500061035156,1712976.4,140828393472.0,"Intuitive Surgical, Inc. - Common Stock",NASDAQ
RXO,23.829999923706055,1710055.2,3943383808.0,"RXO, Inc. Common Stock",NYSE
CDZI,3.8350000381469727,1710005.8,323889792.0,"Cadiz, Inc. - Common Stock",NASDAQ
VIR,11.09000015258789,1709776.2,1878297088.0,"Vir Biotechnology, Inc. - Common Stock",NASDAQ
FULT,22.645000457763672,1704424.0,4332805632.0,Fulton Financial Corporation - Common Stock,NASDAQ
ALMS,6.829999923706055,1702653.2,881065728.0,Alumis Inc. - Common Stock,NASDAQ
CTRI,21.1200008392334,1702535.8,2127291520.0,"Centuri Holdings, Inc. Common Stock",NYSE
LNC,39.939998626708984,1701209.6,7684695552.0,Lincoln National Corporation Common Stock,NYSE
FTV,56.7599983215332,1699365.6,17303910400.0,Fortive Corporation Common Stock ,NYSE
STTK,6.590000152587891,1696687.2,661393856.0,"Shattuck Labs, Inc. - Common Stock",NASDAQ
EWTX,41.29999923706055,1695529.0,4473947136.0,"Edgewise Therapeutics, Inc. - Common Stock",NASDAQ
ARWR,64.45999908447266,1695001.8,9025413120.0,"Arrowhead Pharmaceuticals, Inc. - Common Stock",NASDAQ
PNC,221.2550048828125,1691986.2,88258306048.0,"PNC Financial Services Group, Inc. (The) Common Stock",NYSE
WSE,11.40999984741211,1689289.8,11248946176.0,Wise Group plc - Class A Ordinary Shares,NASDAQ
ARHS,10.104999542236328,1687998.2,1440197504.0,"Arhaus, Inc. - Class A Common Stock",NASDAQ
BETA,21.885000228881836,1687795.6,5206243328.0,"Beta Technologies, Inc. Class A Common Stock",NYSE
BRSP,3.8450000286102295,1687607.0,484461056.0,"BrightSpire Capital, Inc. Class A Common Stock",NYSE
EYE,16.540000915527344,1686330.0,1309387776.0,"National Vision Holdings, Inc. - Common Stock",NASDAQ
BTQ,3.134999990463257,1685565.2,459627104.0,BTQ Technologies Corp. - Common Stock,NASDAQ
SSL,13.925000190734863,1679392.6,8936065024.0,Sasol Ltd. American Depositary Shares,NYSE
ENTG,167.55499267578125,1677861.6,25546041344.0,"Entegris, Inc. - Common Stock",NASDAQ
ATEC,9.975000381469727,1676402.6,1528665728.0,"Alphatec Holdings, Inc. - Common Stock",NASDAQ
VNOM,40.70500183105469,1674562.4,14680294400.0,"Viper Energy, Inc.  - Class A Common Stock",NASDAQ
LSCC,135.7550048828125,1674276.0,19232532480.0,Lattice Semiconductor Corporation - Common Stock,NASDAQ
MOD,177.80999755859375,1673556.2,9503987712.0,Modine Manufacturing Company Common Stock,NYSE
KBR,34.3650016784668,1673304.8,4337360896.0,"KBR, Inc. Common Stock",NYSE
ANGX,4.151000022888184,1672583.6,772237440.0,"Angel Studios, Inc. Class A Common Stock",NYSE
AWK,130.14999389648438,1672542.8,25797009408.0,"American Water Works Company, Inc. Common Stock",NYSE
RVMD,205.74000549316406,1667986.6,44196167680.0,"Revolution Medicines, Inc. - Common Stock",NASDAQ
AGEN,8.154999732971191,1661767.4,376650400.0,Agenus Inc. - Common Stock,NASDAQ
HOG,24.59000015258789,1658157.4,2566427904.0,"Harley-Davidson, Inc. Common Stock",NYSE
CNM,41.44499969482422,1654911.0,7635961344.0,"Core & Main, Inc. Class A Common Stock",NYSE
FBRT,6.315000057220459,1652837.8,524431808.0,"Franklin BSP Realty Trust, Inc. Common Stock",NYSE
ALKT,14.020000457763672,1649951.8,1487563008.0,"Alkami Technology, Inc. - Common Stock",NASDAQ
LADR,8.649999618530273,1644680.4,1101825280.0,Ladder Capital Corp Class A Common Stock,NYSE
PEGA,33.95000076293945,1642660.2,5597988352.0,Pegasystems Inc. - Common Stock,NASDAQ
LBTYK,8.755000114440918,1641846.8,3006686720.0,Liberty Global Ltd. - Class C Common Shares,NASDAQ
GDS,27.579999923706055,1641621.6,5546452480.0,GDS Holdings Limited - American Depositary Shares,NASDAQ
EGHT,2.299999952316284,1641553.6,332923840.0,8x8 Inc - Common stock,NASDAQ
SHAK,60.709999084472656,1639903.0,2600109312.0,"Shake Shack, Inc. Class A Common Stock",NYSE
SB,8.739999771118164,1638736.8,993197056.0,"Safe Bulkers, Inc Common Stock ($0.001 par value)",NYSE
CTAS,191.97999572753906,1638378.8,76755206144.0,Cintas Corporation - Common Stock,NASDAQ
CLMT,55.40650177001953,1633790.0,4870440960.0,"Calumet, Inc - Common Stock",NASDAQ
XRX,3.010999917984009,1631484.8,398539552.0,Xerox Holdings Corporation - Common Stock,NASDAQ
BBVA,26.81999969482422,1630108.4,147660800000.0,Banco Bilbao Vizcaya Argentaria S.A. Common Stock,NYSE
ARXS,49.41999816894531,1629822.6,21377601536.0,"Arxis, Inc. - Class A Common Stock",NASDAQ
AJG,226.48500061035156,1627880.6,57912557568.0,Arthur J. Gallagher & Co. Common Stock,NYSE
ROST,228.36000061035156,1626789.4,72911978496.0,"Ross Stores, Inc. - Common Stock",NASDAQ
ADTN,6.985000133514404,1625511.4,569147648.0,"ADTRAN Holdings, Inc. - Common Stock",NASDAQ
FLYW,17.75,1625049.8,2154126080.0,Flywire Corporation - Voting Common Stock,NASDAQ
VRDN,19.450000762939453,1624973.8,2188806656.0,"Viridian Therapeutics, Inc.  - Common Stock",NASDAQ
EDIT,2.575000047683716,1623702.2,395468576.0,"Editas Medicine, Inc. - Common Stock",NASDAQ
SMFG,25.354999542236328,1623381.8,160405979136.0,Sumitomo Mitsui Financial Group Inc Unsponsored American Depositary Shares (Japan),NYSE
PHM,115.9269027709961,1622599.6,22019270656.0,"PulteGroup, Inc. Common Stock",NYSE
COGT,30.979999542236328,1622571.8,5377539072.0,"Cogent Biosciences, Inc. - Common Stock",NASDAQ
CLM,6.369900226593018,1621231.0,1986785280.0,"Cornerstone Strategic Investment Fund, Inc. Common Shares",AMEX
ORI,38.08000183105469,1621169.2,9205837824.0,Old Republic International Corporation Common Stock,NYSE
CSQR,17.280000686645508,1616301.0,2901931008.0,"Csquare, Inc. Common Stock",NYSE
GDDY,96.06500244140625,1612595.2,12265196544.0,GoDaddy Inc. Class A Common Stock,NYSE
VSNT,30.84000015258789,1608204.6,4296180736.0,"Versant Media Group, Inc. - Class A Common Stock",NASDAQ
SHO,11.395000457763672,1604500.0,2118831232.0,"Sunstone Hotel Investors, Inc. Sunstone Hotel Investors, Inc. Common Shares",NYSE
PHK,4.175000190734863,1604024.8,783385920.0,Pimco High Income Fund,NYSE
FERG,223.94000244140625,1603214.0,43343081472.0,Ferguson Enterprises Inc. Common Stock,NYSE
EXTR,23.450000762939453,1599816.8,3069003520.0,"Extreme Networks, Inc. - Common Stock",NASDAQ
FDXF,112.57499694824219,1599243.2,16823779328.0,"FedEx Freight Holding Company, Inc. Common Stock",NYSE
INCY,115.07499694824219,1598220.6,23356862464.0,Incyte Corporation - Common Stock,NASDAQ
NRIX,22.93000030517578,1593239.8,2376600320.0,"Nurix Therapeutics, Inc. - Common stock",NASDAQ
BNL,18.565000534057617,1592705.2,3950296576.0,"Broadstone Net Lease, Inc. Common Stock",NYSE
TALO,16.690000534057617,1588698.6,2791662592.0,"Talos Energy, Inc. Common Stock",NYSE
IRD,4.449999809265137,1587724.6,378541024.0,"Opus Genetics, Inc. - Common Stock",NASDAQ
TEL,220.81500244140625,1586030.4,64118931456.0,TE Connectivity plc Ordinary Shares,NYSE
TGTX,54.209999084472656,1585639.0,8294047232.0,"TG Therapeutics, Inc. - Common Stock",NASDAQ
CATX,2.740000009536743,1585220.8,312741312.0,"Perspective Therapeutics, Inc. Common Stock",AMEX
ADC,65.96499633789062,1583585.0,8238963200.0,Agree Realty Corporation Common Stock,NYSE
ITRG,2.6050000190734863,1583196.6,530513088.0,Integra Resources Corp. Common Shares,AMEX
WPC,64.44000244140625,1582829.8,14685075456.0,W. P. Carey Inc. REIT,NYSE
INGM,28.40999984741211,1582290.2,6520395776.0,Ingram Micro Holding Corporation Common Stock,NYSE
AXTA,32.08000183105469,1580557.4,6863621120.0,Axalta Coating Systems Ltd. Common Shares,NYSE
WCN,153.77999877929688,1580468.8,38878769152.0,"Waste Connections, Inc. Common Shares",NYSE
YUM,136.9199981689453,1573924.4,37259866112.0,"Yum! Brands, Inc.",NYSE
TXT,77.41000366210938,1572062.4,13479872512.0,Textron Inc. Common Stock,NYSE
TXNM,58.4900016784668,1571874.2,6435749376.0,"TXNM Energy, Inc. Common Stock",NYSE
PRM,27.645000457763672,1569195.6,4550496256.0,"Perimeter Solutions, SA Common Stock",NYSE
CERS,2.2850000858306885,1566650.6,456453920.0,Cerus Corporation - Common Stock,NASDAQ
BTU,24.975000381469727,1565013.2,3032871936.0,Peabody Energy Corporation Common Stock ,NYSE
ITW,262.3399963378906,1564701.6,74808418304.0,Illinois Tool Works Inc. Common Stock,NYSE
G,33.560001373291016,1563143.2,5625791488.0,Genpact Limited Common Stock,NYSE
BRUN,16.530000686645508,1562166.0,1308760704.0,Boost Run Inc. - Class A Common Stock,NASDAQ
AVEX,14.725000381469727,1560385.8,997137536.0,AEVEX Corp. Class A Common Stock,NYSE
EC,16.594999313354492,1556748.4,34085740544.0,Ecopetrol S.A. American Depositary Shares,NYSE
PNW,95.75499725341797,1554995.2,11615542272.0,Pinnacle West Capital Corporation Common Stock,NYSE
HSY,159.57000732421875,1554579.4,32268662784.0,The Hershey Company Common Stock,NYSE
HTHT,41.56999969482422,1554246.4,13101965312.0,H World Group Limited - American Depositary Shares,NASDAQ
XXI,6.460000038146973,1552996.8,4228098304.0,"Twenty One Capital, Inc. Class A Common Stock",NYSE
RYAN,37.67499923706055,1552462.8,9708749824.0,"Ryan Specialty Holdings, Inc. Class A Common Stock",NYSE
CB,330.5044860839844,1550942.0,127757623296.0,Chubb Limited  Common Stock,NYSE
CME,264.5350036621094,1549277.8,95024218112.0,CME Group Inc. - Class A Common Stock,NASDAQ
PRCT,17.219999313354492,1549215.6,982529664.0,PROCEPT BioRobotics Corporation - Common Stock,NASDAQ
NAMS,22.94499969482422,1548915.2,2717079808.0,NewAmsterdam Pharma Company N.V. - Ordinary Shares,NASDAQ
CBOE,274.2525939941406,1547612.8,28570236928.0,"Cboe Global Markets, Inc. Common Stock",BATS
BG,107.1449966430664,1545498.6,20543297536.0,Bunge Limited Common Shares,NYSE
AMPL,14.300000190734863,1545221.6,1832506112.0,"Amplitude, Inc. - Class A Common Stock",NASDAQ
CAH,226.8300018310547,1544532.6,52567445504.0,"Cardinal Health, Inc. Common Stock",NYSE
DOCN,144.25999450683594,1541598.8,16865161216.0,"DigitalOcean Holdings, Inc. Common Stock",NYSE
VLTO,94.9000015258789,1540403.0,23115266048.0,Veralto Corp Common Stock ,NYSE
PPC,27.075000762939453,1538740.0,6497981952.0,Pilgrim's Pride Corporation - Common Stock,NASDAQ
SWK,90.74500274658203,1538086.0,13787064320.0,"Stanley Black & Decker, Inc. Common Stock",NYSE
NBIX,142.85499572753906,1536482.2,14471793664.0,"Neurocrine Biosciences, Inc. - Common Stock",NASDAQ
NVT,169.3975067138672,1536378.0,27521515520.0,nVent Electric plc Ordinary Shares ,NYSE
DLR,179.02999877929688,1532404.8,67775533056.0,"Digital Realty Trust, Inc. Common Stock",NYSE
PPG,105.38999938964844,1530267.8,23446181888.0,"PPG Industries, Inc. Common Stock",NYSE
MQY,10.0649995803833,1530015.0,723005312.0,"Blackrock MuniYield Quality Fund, Inc. Common Stock",NYSE
VIRT,59.68000030517578,1527587.6,5304663552.0,"Virtu Financial, Inc. Class A Common Stock",NYSE
MLTX,11.239999771118164,1526967.4,959152384.0,MoonLake Immunotherapeutics - Class A Ordinary Shares,NASDAQ
OHI,45.810001373291016,1526085.8,14460872704.0,"Omega Healthcare Investors, Inc. Common Stock",NYSE
ELS,58.154998779296875,1525089.0,11656328192.0,"Equity Lifestyle Properties, Inc. Common Stock",NYSE
PTRN,17.594999313354492,1524422.6,3495228672.0,Pattern Group Inc. - Series A Common Stock,NASDAQ
NXDR,2.430000066757202,1523369.2,928679040.0,"Nextdoor Holdings, Inc. Class A Common Stock",NYSE
MLYS,23.71500015258789,1523278.6,2085829632.0,"Mineralys Therapeutics, Inc. - Common Stock",NASDAQ
SVM,10.489999771118164,1522740.0,2324856064.0,Silvercorp Metals Inc. Common Shares,AMEX
CE,44.68000030517578,1521170.8,4891509760.0,Celanese Corporation Common Stock,NYSE
BHC,5.710000038146973,1519084.6,2145209856.0,Bausch Health Companies Inc. Common Stock,NYSE
TREX,43.97999954223633,1518235.6,4554920448.0,"Trex Company, Inc. Common Stock",NYSE
VERX,12.0,1517051.2,1938566784.0,"Vertex, Inc. - Class A Common Stock",NASDAQ
LIFE,33.939998626708984,1516314.8,3279592192.0,Ethos Technologies Inc. - Class A Common Stock,NASDAQ
REZI,18.719999313354492,1515652.2,2841064192.0,"Resideo Technologies, Inc. Common Stock ",NYSE
NTST,17.575000762939453,1515368.8,1717575296.0,NetSTREIT Corp. Common Stock,NYSE
HLMN,7.034999847412109,1515340.6,1368624000.0,Hillman Solutions Corp. - Common Stock,NASDAQ
NNE,15.699999809265137,1512036.2,844666432.0,Nano Nuclear Energy Inc. - common stock,NASDAQ
BURL,272.24749755859375,1512012.2,17118710784.0,"Burlington Stores, Inc. Common Stock",NYSE
MUR,37.65999984741211,1509433.6,5408335872.0,Murphy Oil Corporation Common Stock,NYSE
KGS,55.564998626708984,1502218.4,5604196352.0,"Kodiak Gas Services, Inc. Common Stock",NYSE
IFF,83.1050033569336,1502099.6,21269331968.0,"International Flavors & Fragrances, Inc. Common Stock",NYSE
GH,177.4149932861328,1497253.8,23913756672.0,"Guardant Health, Inc. - Common Stock",NASDAQ
BDN,2.7899999618530273,1496278.2,481111136.0,Brandywine Realty Trust Common Stock,NYSE
MPLX,56.275001525878906,1494575.4,57077149696.0,MPLX LP Common Units Representing Limited Partner Interests,NYSE
ESTC,93.88999938964844,1494250.0,9860781056.0,Elastic N.V. Ordinary Shares,NYSE
FROG,95.83000183105469,1493640.6,11740750848.0,JFrog Ltd. - Ordinary shares,NASDAQ
HUBG,29.75,1491875.8,1831547776.0,"Hub Group, Inc. - Class A Common Stock",NASDAQ
CCEP,100.88999938964844,1488091.8,44448038912.0,Coca-Cola Europacific Partners plc - Ordinary Shares,NASDAQ
ACDC,4.579999923706055,1487167.6,829569152.0,ProFrac Holding Corp. - Class A Common Stock,NASDAQ
DLO,13.8100004196167,1486540.0,4052086016.0,DLocal Limited - Class A Common Shares,NASDAQ
LHX,236.75360107421875,1483014.0,44115173376.0,"L3Harris Technologies, Inc. Common Stock",NYSE
MWH,25.190000534057617,1480479.2,5119372288.0,"SOLV Energy, Inc. - Class A common stock",NASDAQ
BILL,43.400001525878906,1480261.6,4333453312.0,"BILL Holdings, Inc. Common Stock",NYSE
RMBS,112.1500015258789,1479106.0,12142700544.0,"Rambus, Inc. - Common Stock",NASDAQ
HUBS,212.88999938964844,1478087.4,10648927232.0,"HubSpot, Inc. Common Stock",NYSE
SFD,18.8799991607666,1477879.8,7444173312.0,"Smithfield Foods, Inc. - Common Stock",NASDAQ
SHC,18.354999542236328,1477352.0,5232346624.0,Sotera Health Company - Common Stock,NASDAQ
TROW,105.83499908447266,1475940.2,22534686720.0,"T. Rowe Price Group, Inc. - Common Stock",NASDAQ
NAC,10.239899635314941,1475588.2,1599222144.0,Nuveen California Quality Municipal Income Fund,NYSE
OLLI,88.02999877929688,1474251.0,5249687552.0,"Ollie's Bargain Outlet Holdings, Inc. - Common Stock",NASDAQ
PPLI,41.369998931884766,1472243.4,3083558656.0,People Incorporated - Common Stock,NASDAQ
YSS,8.970000267028809,1472011.4,1238278784.0,York Space Systems Inc. Common Stock,NYSE
RGNX,7.460000038146973,1471840.8,496089120.0,REGENXBIO Inc. - Common Stock,NASDAQ
WK,71.13500213623047,1469557.4,4006359296.0,Workiva Inc. Class A Common Stock,NYSE
BHVN,12.8100004196167,1467518.4,1924297728.0,Biohaven Ltd. Common Shares ,NYSE
SHW,319.3349914550781,1466867.2,77669253120.0,Sherwin-Williams Company (The) Common Stock,NYSE
INDV,35.63999938964844,1461403.6,4232625408.0,"Indivior Pharmaceuticals, Inc.  - Common Stock",NASDAQ
STZ,112.68000030517578,1460421.2,19290644480.0,"Constellation Brands, Inc. Common Stock",NYSE
SFNC,22.78499984741211,1460015.4,3298527488.0,Simmons First National Corporation - Common Stock,NASDAQ
OPCH,22.739999771118164,1459309.6,3400873984.0,"Option Care Health, Inc. - Common Stock",NASDAQ
TVTX,56.709999084472656,1457032.8,5261538816.0,"Travere Therapeutics, Inc. - Common Stock",NASDAQ
MNDY,78.7249984741211,1456074.4,3334582528.0,monday.com Ltd. - Ordinary Shares,NASDAQ
CWH,5.135000228881836,1454782.2,326479968.0,"Camping World Holdings, Inc. Class A Common Stock",NYSE
THRM,30.80500030517578,1453767.8,967510656.0,Gentherm Inc - Common Stock,NASDAQ
INOD,70.68499755859375,1450576.6,2441168384.0,Innodata Inc. - Common Stock,NASDAQ
LAZ,36.22999954223633,1448850.0,3578702080.0,"Lazard, Inc. Common Stock",NYSE
TIC,8.324999809265137,1443806.6,1818866688.0,"TIC Solutions, Inc. Common Stock",NYSE
GTES,27.790000915527344,1440962.2,7055196160.0,Gates Industrial Corporation Ltd. Common Shares,NYSE
BDX,176.3300018310547,1436750.6,48062652416.0,"Becton, Dickinson and Company Common Stock",NYSE
ENOV,18.06999969482422,1436161.2,1036320832.0,Enovis Corporation Common Stock,NYSE
FDX,287.59991455078125,1432341.0,68123217920.0,FedEx Corporation Common Stock,NYSE
FORM,148.96749877929688,1431288.6,11541203968.0,"FormFactor, Inc. - Common Stock",NASDAQ
OMDA,20.649999618530273,1430916.8,1265349248.0,"Omada Health, Inc. - Common Stock",NASDAQ
SF,70.41000366210938,1430009.6,10647132160.0,Stifel Financial Corporation Common Stock,NYSE
OUT,28.7450008392334,1424317.0,5070934016.0,OUTFRONT Media Inc. Common Stock,NYSE
HESM,37.72999954223633,1422439.4,7778078720.0,Hess Midstream LP Class A Representing Limited Partner Interests,NYSE
AME,252.75,1421803.8,57947107328.0,"AMETEK, Inc.",NYSE
ADEA,26.43000030517578,1421626.8,2913050368.0,Adeia Inc.  - Common Stock,NASDAQ
OABI,4.909999847412109,1419860.2,716047744.0,"OmniAb, Inc. - Common Stock",NASDAQ
AGNT,3.634999990463257,1417266.4,597317440.0,"AGNT, Inc. - Common Stock",NASDAQ
AFL,111.13999938964844,1416736.2,55784468480.0,AFLAC Incorporated Common Stock,NYSE
PRU,112.20999908447266,1416629.8,38836649984.0,"Prudential Financial, Inc. Common Stock",NYSE
AOS,56.7400016784668,1415941.8,7712811520.0,A.O. Smith Corporation Common Stock,NYSE
KMT,32.79999923706055,1415686.8,2499863808.0,Kennametal Inc. Common Stock,NYSE
MYGN,4.400000095367432,1415208.8,425621792.0,"Myriad Genetics, Inc. - Common Stock",NASDAQ
KC,8.999500274658203,1414991.2,2698817536.0,Kingsoft Cloud Holdings Limited - American Depositary Shares,NASDAQ
TSEM,241.80999755859375,1414977.6,27264266240.0,Tower Semiconductor Ltd. - Ordinary Shares,NASDAQ
MTDR,53.349998474121094,1412129.4,6622706688.0,Matador Resources Company Common Stock,NYSE
SMG,49.189998626708984,1409665.4,2873170432.0,Scotts Miracle-Gro Company (The) Common Stock,NYSE
ROKU,152.05999755859375,1405052.6,22604210176.0,"Roku, Inc. - Class A Common Stock",NASDAQ
COR,307.0675048828125,1403365.6,58869227520.0,"Cencora, Inc. Common Stock",NYSE
VMC,243.8592987060547,1402662.6,31592591360.0,Vulcan Materials Company (Holding Company) Common Stock,NYSE
BEAM,24.31999969482422,1400830.4,2505758720.0,Beam Therapeutics Inc. - Common Stock,NASDAQ
AUTL,1.774999976158142,1400647.6,471107712.0,Autolus Therapeutics plc - American Depositary Shares,NASDAQ
MHD,10.3149995803833,1400478.6,538101440.0,"Blackrock MuniHoldings Fund, Inc. Common Stock",NYSE
IRM,113.75499725341797,1399046.2,33814575104.0,Iron Mountain Incorporated (Delaware)Common Stock REIT,NYSE
SNDX,17.770000457763672,1397236.8,1563966848.0,"Syndax Pharmaceuticals, Inc. - Common Stock",NASDAQ
TRMD,39.58000183105469,1396062.6,4076262144.0,TORM plc - Class A Common Stock,NASDAQ
MIAX,33.505001068115234,1395567.2,3315224832.0,"Miami International Holdings, Inc. Common Stock",NYSE
DPC,41.994998931884766,1394807.0,6228194816.0,DPC Holdings PLC Ordinary Shares,NYSE
PML,6.520100116729736,1393496.0,433620672.0,Pimco Municipal Income Fund II Common Shares of Beneficial Interest,NYSE
BWXT,134.5399932861328,1389459.8,12283759616.0,"BWX Technologies, Inc. Common Stock",NYSE
MTZ,218.69500732421875,1387975.2,17509689344.0,"MasTec, Inc. Common Stock",NYSE
QDEL,10.75,1384922.0,741300352.0,QuidelOrtho Corporation - Common Stock,NASDAQ
ACM,59.38970184326172,1384744.0,7696046080.0,AECOM Common Stock,NYSE
GLBE,39.20000076293945,1383760.2,6593560064.0,Global-E Online Ltd. - ordinary shares,NASDAQ
RCI,31.114999771118164,1379986.8,16752331776.0,"Rogers Communication, Inc. Common Stock",NYSE
PENG,61.349998474121094,1376013.2,3140665088.0,"Penguin Solutions, Inc. - Common Stock",NASDAQ
STNG,86.01000213623047,1375127.2,4310005760.0,Scorpio Tankers Inc. Common Shares,NYSE
WNC,14.079999923706055,1373966.4,574223040.0,Wabash National Corporation Common Stock,NYSE
YELP,18.190000534057617,1373553.4,984884672.0,Yelp Inc. Common Stock,NYSE
HTFL,49.435001373291016,1371758.2,4290726656.0,"Heartflow, Inc. - Common Stock",NASDAQ
EMAT,2.030100107192993,1370521.8,1288897408.0,Evolution Metals & Technologies Corp. - Common Stock,NASDAQ
EPRX,7.695000171661377,1369891.4,497862848.0,Eupraxia Pharmaceuticals Inc. - Common Stock,NASDAQ
CGNX,65.12000274658203,1368193.0,11000157184.0,Cognex Corporation - Common Stock,NASDAQ
DAN,27.739999771118164,1367211.2,2993321216.0,Dana Incorporated Common Stock ,NYSE
ATI,191.2100067138672,1366682.6,26011267072.0,ATI Inc. Common Stock,NYSE
FIP,2.710900068283081,1366029.8,318499776.0,FTAI Infrastructure Inc. - Common Stock,NASDAQ
SNDL,1.2549999952316284,1365908.4,307651072.0,SNDL Inc. - Common Shares,NASDAQ
YETI,40.83369827270508,1365542.4,2999839488.0,"YETI Holdings, Inc. Common Stock",NYSE
CM,110.68000030517578,1365086.8,100699119616.0,Canadian Imperial Bank of Commerce Common Stock,NYSE
SHAZ,51.08000183105469,1364786.2,1815416704.0,"SharonAI Holdings, Inc. - Class A Common Stock",NASDAQ
EVC,7.429999828338623,1361626.2,685702080.0,Entravision Communications Corporation Common Stock,NYSE
PCVX,56.057498931884766,1361522.2,8332351488.0,"Vaxcyte, Inc. - Common Stock",NASDAQ
BAK,1.5299999713897705,1360023.6,345709632.0,Braskem SA ADR,NYSE
GLNG,49.08000183105469,1358680.2,5021641216.0,Golar LNG Limited - Common Shares,NASDAQ
PDO,12.225000381469727,1358036.2,1763317504.0,PIMCO Dynamic Income Opportunities Fund Common Shares of Beneficial Interest,NYSE
RBA,81.86499786376953,1357665.2,15360434176.0,"RB Global, Inc. Common Stock",NYSE
IMSR,3.7799999713897705,1356548.8,488194368.0,Terrestrial Energy Inc. - Common Stock,NASDAQ
RAMP,37.67499923706055,1355727.8,2290755072.0,"LiveRamp Holdings, Inc. Common Stock",NYSE
FWRG,10.270000457763672,1350190.6,643043584.0,"First Watch Restaurant Group, Inc. - Common Stock",NASDAQ
GROY,2.969899892807007,1349594.2,687628352.0,Gold Royalty Corp. Common Shares,AMEX
AEVA,14.789899826049805,1348124.4,1018401152.0,"Aeva Technologies, Inc. - Common Stock",NASDAQ
VERA,29.950000762939453,1347980.8,2165503232.0,"Vera Therapeutics, Inc. - Class A Common Stock",NASDAQ
BLZE,14.460000038146973,1347301.2,895692992.0,"Backblaze, Inc. - Common Stock",NASDAQ
PRCH,17.399999618530273,1346660.8,1990002816.0,"Porch Group, Inc. - Common Stock",NASDAQ
SGRY,13.289999961853027,1344221.0,1739249024.0,"Surgery Partners, Inc. - Common Stock",NASDAQ
AXGN,37.720001220703125,1343517.6,2186687232.0,"Axogen, Inc. - Common Stock",NASDAQ
ORIC,12.1850004196167,1342521.6,1264044160.0,"Oric Pharmaceuticals, Inc. - Common Stock",NASDAQ
CARG,30.21500015258789,1341113.4,2681556992.0,"CarGurus, Inc. - Class A Common Stock",NASDAQ
HLT,318.739990234375,1338527.2,71723687936.0,Hilton Worldwide Holdings Inc. Common Stock ,NYSE
HNST,5.09499979019165,1333154.0,548223168.0,"The Honest Company, Inc. - Common Stock",NASDAQ
SLDB,6.820000171661377,1329772.2,730203904.0,Solid Biosciences Inc. - Common Stock,NASDAQ
PIPR,65.51000213623047,1329021.2,4634204160.0,Piper Sandler Companies Common Stock,NYSE
SVIA,4.36899995803833,1328914.4,385291360.0,"Silvia, Inc. - Common Stock",NASDAQ
VNO,33.775001525878906,1327150.8,6916850688.0,Vornado Realty Trust Common Stock,NYSE
UTHR,542.760009765625,1326563.6,23337897984.0,United Therapeutics Corporation - Common Stock,NASDAQ
BKV,21.584999084472656,1325773.8,2354007808.0,BKV Corporation Common Stock,NYSE
ATEN,27.8700008392334,1324257.2,2022161408.0,"A10 Networks, Inc. Common Stock",NYSE
REYN,22.114999771118164,1319637.8,4679035904.0,Reynolds Consumer Products Inc. - Common Stock,NASDAQ
FTRE,19.8700008392334,1318166.8,1889637120.0,Fortrea Holdings Inc. - Common Stock,NASDAQ
FAF,62.665000915527344,1316379.6,6418006016.0,First American Corporation (New) Common Stock,NYSE
ASML,1862.9000244140625,1314479.0,714345349120.0,ASML Holding N.V. - New York Registry Shares,NASDAQ
RYAAY,54.83000183105469,1314206.6,28449560576.0,"Ryanair Holdings plc - American Depositary Shares, each representing five Ordinary Shares",NASDAQ
GMED,75.69999694824219,1307330.4,10191822848.0,"Globus Medical, Inc. Class A Common Stock",NYSE
SPOT,473.1492919921875,1306639.0,97305583616.0,Spotify Technology S.A. Ordinary Shares,NYSE
HGV,35.220001220703125,1306180.8,2741338368.0,Hilton Grand Vacations Inc. Common Stock ,NYSE
KT,18.799999237060547,1306155.8,8999001088.0,KT Corporation Common Stock,NYSE
KNTK,51.91999816894531,1306028.0,8842385408.0,Kinetik Holdings Inc. Class A Common Stock,NYSE
HNGE,97.51499938964844,1302885.4,7876178944.0,"Hinge Health, Inc. Class A Common Stock",NYSE
CUZ,28.209999084472656,1302515.6,4640836608.0,Cousins Properties Incorporated Common Stock,NYSE
TAC,12.364999771118164,1302290.2,3890490112.0,TransAlta Corporation Ordinary Shares,NYSE
PECO,37.66999816894531,1302123.4,5328519680.0,"Phillips Edison & Company, Inc. - Common Stock",NASDAQ
CDNA,66.9800033569336,1298834.4,3479643904.0,"CareDx, Inc. - Common Stock",NASDAQ
MWA,21.860000610351562,1296538.0,3414468864.0,MUELLER WATER PRODUCTS Common Stock,NYSE
HOMB,28.53499984741211,1296367.0,5714417664.0,"Home BancShares, Inc. Common Stock",NYSE
CVBF,22.184999465942383,1295362.4,3916822784.0,CVB Financial Corporation - Common Stock,NASDAQ
SPRY,4.175000190734863,1291827.0,408231360.0,"ARS Pharmaceuticals, Inc. - Common Stock",NASDAQ
AVT,107.79000091552734,1284936.8,8847467520.0,"Avnet, Inc. - Common Stock",NASDAQ
RZLT,4.025000095367432,1284280.2,389307424.0,"Rezolute, Inc. - Common Stock (NV)",NASDAQ
ACHV,7.289999961853027,1283020.0,739858560.0,"Achieve Life Sciences, Inc.  - Common Shares",NASDAQ
WING,105.87000274658203,1282759.6,2887982336.0,Wingstop Inc. - Common Stock,NASDAQ
MDA,29.96500015258789,1281281.0,4859059712.0,MDA Space Ltd. Common Shares,NYSE
GD,329.3550109863281,1280846.8,89072836608.0,General Dynamics Corporation Common Stock,NYSE
IQV,258.6700134277344,1279608.6,42600124416.0,"IQVIA Holdings, Inc. Common Stock",NYSE
FBP,26.850000381469727,1273043.0,4109066752.0,First BanCorp. New Common Stock,NYSE
MTN,140.27999877929688,1272262.2,4960433152.0,"Vail Resorts, Inc. Common Stock",NYSE
TDC,30.299999237060547,1270222.2,2816505088.0,Teradata Corporation Common Stock,NYSE
TRTX,6.190000057220459,1269773.8,479310880.0,"TPG RE Finance Trust, Inc. Common Stock",NYSE
VSXY,90.19000244140625,1269619.2,7278468608.0,Victorias Secret & Co. Common Stock ,NYSE
KRC,33.70000076293945,1267706.0,3970145536.0,Kilroy Realty Corporation Common Stock,NYSE
IHS,8.335000038146973,1267415.0,2820070144.0,IHS Holding Limited Ordinary Shares,NYSE
VCYT,45.53499984741211,1264877.0,3667023104.0,"Veracyte, Inc. - Common Stock",NASDAQ
PRIM,78.38749694824219,1261899.6,4245718016.0,Primoris Services Corporation Common Stock,NYSE
AVAV,140.10000610351562,1257851.4,7093808128.0,"AeroVironment, Inc. - Common Stock",NASDAQ
VSAT,72.4000015258789,1255376.8,10001761280.0,"ViaSat, Inc. - Common Stock",NASDAQ
EMN,65.3949966430664,1254257.0,7474674176.0,Eastman Chemical Company Common Stock,NYSE
KLRA,10.369999885559082,1253180.0,1367740800.0,"Kailera Therapeutics, Inc. - Common stock",NASDAQ
SYRE,91.74500274658203,1252165.8,7926869504.0,"Spyre Therapeutics, Inc. - Common Stock",NASDAQ
GRNT,4.46999979019165,1250411.0,590253568.0,"Granite Ridge Resources, Inc. Common Stock",NYSE
ERO,37.619998931884766,1248480.6,3932730880.0,Ero Copper Corp. Common Shares,NYSE
RNG,77.44000244140625,1248204.6,6497614336.0,"RingCentral, Inc. Class A Common Stock",NYSE
SBH,16.540000915527344,1247921.0,1554130048.0,"Sally Beauty Holdings, Inc. (Name to be changed from Sally Holdings, Inc.) Common Stock",NYSE
CRF,6.112400054931641,1243547.6,1040396224.0,"Cornerstone Total Return Fund, Inc. (The) Common Stock",AMEX
TRI,97.77999877929688,1243072.0,42322161664.0,Thomson Reuters Corp - Common Shares,NASDAQ
MQ,16.71500015258789,1242226.2,1758452224.0,"Marqeta, Inc. - Class A Common Stock",NASDAQ
BIIB,220.33999633789062,1242186.2,32628516864.0,Biogen Inc. - Common Stock,NASDAQ
XNCR,24.219999313354492,1240347.4,1815702656.0,"Xencor, Inc. - Common Stock",NASDAQ
FNV,237.51370239257812,1237765.6,45872619520.0,Franco-Nevada Corporation,NYSE
NUE,240.375,1237053.6,54772326400.0,Nucor Corporation Common Stock,NYSE
YUMC,39.7599983215332,1232887.2,13466362880.0,"Yum China Holdings, Inc. Common Stock",NYSE
RGEN,182.1649932861328,1230445.0,10256610304.0,Repligen Corporation - Common Stock,NASDAQ
LILAK,8.425000190734863,1230074.8,1660252544.0,Liberty Latin America Ltd. - Class C Common Stock,NASDAQ
MNTN,9.899999618530273,1229660.0,739803264.0,"MNTN, Inc. Class A Common Stock",NYSE
DRI,199.52499389648438,1228333.8,22716301312.0,"Darden Restaurants, Inc. Common Stock",NYSE
AIR,102.75,1228053.6,4117896960.0,AAR Corp. Common Stock,NYSE
MLI,62.8650016784668,1225640.4,13923368960.0,"Mueller Industries, Inc. Common Stock",NYSE
STOK,25.520000457763672,1224235.2,1643483264.0,"Stoke Therapeutics, Inc. - Common Stock",NASDAQ
FUTU,102.08999633789062,1223063.0,14325073920.0,Futu Holdings Limited - American Depositary Shares,NASDAQ
TD,117.62999725341797,1222992.2,191944785920.0,Toronto Dominion Bank (The) Common Stock,NYSE
CDW,134.1199951171875,1220730.8,16812967936.0,CDW Corporation - Common Stock,NASDAQ
RHI,35.82500076293945,1220624.8,3673874432.0,Robert Half Inc. Common Stock,NYSE
ZION,62.974998474121094,1219006.0,9211116544.0,Zions Bancorporation N.A. - Common Stock,NASDAQ
HLIT,11.1850004196167,1217370.2,1223180288.0,Harmonic Inc. - Common Stock,NASDAQ
PROK,1.7100000381469727,1215176.8,682602176.0,ProKidney Corp. - Class A Ordinary Shares,NASDAQ
VRNS,47.93000030517578,1213313.6,5493202944.0,"Varonis Systems, Inc. - Common Stock",NASDAQ
GLUE,10.489999771118164,1212870.6,885553088.0,"Monte Rosa Therapeutics, Inc. - Common Stock",NASDAQ
PSN,41.375,1212808.2,4407868928.0,Parsons Corporation Common Stock,NYSE
BBT,28.219999313354492,1211456.6,2365289984.0,Beacon Financial Corporation Common stock,NYSE
CHDN,76.61499786376953,1211230.4,5332068352.0,"Churchill Downs, Incorporated - Common Stock",NASDAQ
DNP,9.609999656677246,1210847.2,3638398976.0,"DNP Select Income Fund, Inc. Common Stock",NYSE
LAR,5.550000190734863,1210604.0,910755008.0,Lithium Argentina AG Common Shares,NYSE
PSNL,16.200000762939453,1209936.4,1727762944.0,"Personalis, Inc. - Common Stock",NASDAQ
CURB,28.280000686645508,1208328.4,3224984832.0,Curbline Properties Corp. Common Stock,NYSE
MFC,42.779998779296875,1207250.8,71077412864.0,Manulife Financial Corporation Common Stock,NYSE
OVID,2.3399999141693115,1203651.4,459926464.0,Ovid Therapeutics Inc. - Common Stock,NASDAQ
AHG,1.0299999713897705,1202374.4,882405312.0,Akso Health Group - American Depositary Shares,NASDAQ
CGON,67.94000244140625,1200351.6,5972588544.0,"CG Oncology, Inc. - Common stock",NASDAQ
UNM,88.79000091552734,1199756.6,14073475072.0,Unum Group Common Stock,NYSE
CRON,3.234999895095825,1198948.2,1191815552.0,Cronos Group Inc. - Common Share,NASDAQ
PFGC,93.31999969482422,1198785.2,14683133952.0,Performance Food Group Company Common Stock,NYSE
ATRC,54.66999816894531,1198524.8,2783912448.0,"AtriCure, Inc. - Common Stock",NASDAQ
GXO,46.5,1197402.8,5340860416.0,"GXO Logistics, Inc. Common Stock ",NYSE
CELC,71.95500183105469,1197094.8,3511113728.0,Celcuity Inc. - Common Stock,NASDAQ
TT,463.17999267578125,1191595.8,101952143360.0,Trane Technologies plc,NYSE
WLK,63.96500015258789,1191589.0,8210928128.0,Westlake Corporation Common Stock,NYSE
HTGC,16.764999389648438,1190221.0,3145291008.0,"Hercules Capital, Inc. Common Stock",NYSE
EXR,133.41000366210938,1189103.2,29484756992.0,Extra Space Storage Inc Common Stock,NYSE
BYD,67.70999908447266,1188907.6,4922041344.0,Boyd Gaming Corporation Common Stock,NYSE
NAVI,9.194999694824219,1185266.6,865155840.0,Navient Corporation - Common Stock,NASDAQ
VRSK,164.10000610351562,1184073.2,21437792256.0,"Verisk Analytics, Inc. - Common Stock",NASDAQ
IMVT,33.540000915527344,1183242.0,6884401664.0,"Immunovant, Inc.  - Common Stock",NASDAQ
OPLN,35.54999923706055,1182978.4,4350569984.0,"OPENLANE, Inc. Common Stock",NYSE
FUL,50.4900016784668,1181838.4,2718666752.0,H. B. Fuller Company Common Stock,NYSE
CPT,95.74500274658203,1173704.8,9628653568.0,Camden Property Trust Common Stock,NYSE
GGG,78.2249984741211,1173621.6,12670457856.0,Graco Inc. Common Stock,NYSE
HUM,383.7149963378906,1173275.4,46169075712.0,Humana Inc. Common Stock,NYSE
AZTA,38.209999084472656,1172068.0,1677423360.0,"Azenta, Inc. - Common Stock",NASDAQ
LAUR,38.880001068115234,1170088.0,5343986176.0,"Laureate Education, Inc. - Common Stock",NASDAQ
ALNY,221.61000061035156,1169999.4,29727035392.0,"Alnylam Pharmaceuticals, Inc. - Common Stock",NASDAQ
CAKE,108.36000061035156,1167986.4,5389076480.0,The Cheesecake Factory Incorporated - Common Stock,NASDAQ
VSTS,13.949999809265137,1167844.8,1866761472.0,Vestis Corporation Common Stock,NYSE
MAR,357.7799987792969,1161042.0,93234380800.0,Marriott International - Class A Common Stock,NASDAQ
RBBN,1.784999966621399,1160147.2,315623232.0,Ribbon Communications Inc.  - Common Stock,NASDAQ
GMRS,9.854999542236328,1159605.4,529412800.0,GMR Solutions Inc. Class A Common Stock,NYSE
IMAX,52.279998779296875,1159248.2,2891824640.0,Imax Corporation Common Stock,NYSE
SVV,9.260000228881836,1158832.6,1420484480.0,"Savers Value Village, Inc. Common Stock",NYSE
ZVRA,10.024999618530273,1158747.8,592650112.0,"Zevra Therapeutics, Inc.  - Common Stock",NASDAQ
NATL,45.36000061035156,1156733.8,3358615808.0,NCR Atleos Corporation Common Stock,NYSE
DOV,189.7899932861328,1156575.6,25602711552.0,Dover Corporation Common Stock,NYSE
VNT,32.02000045776367,1155975.8,4330456064.0,Vontier Corporation Common Stock ,NYSE
EMBJ,75.03500366210938,1155117.4,13321957376.0,Embraer S.A. Common Stock,NYSE
GWRE,152.76499938964844,1154211.4,12511261696.0,"Guidewire Software, Inc. Common Stock",NYSE
VEEV,274.29998779296875,1150727.0,44243214336.0,Veeva Systems Inc. Class A Common Stock,NYSE
CRSP,54.95500183105469,1148768.2,5316645888.0,CRISPR Therapeutics AG - Common Shares,NASDAQ
ABVX,93.55500030517578,1147383.2,8135452160.0,Abivax SA - American Depositary Shares,NASDAQ
SVC,6.425000190734863,1147021.2,828860736.0,Service Properties Trust - Common Shares of Beneficial Interest,NASDAQ
DE,681.4450073242188,1144928.0,183894786048.0,Deere & Company Common Stock,NYSE
FCPT,21.655000686645508,1144466.6,2378813952.0,"Four Corners Property Trust, Inc. Common Stock",NYSE
WAFD,30.549999237060547,1139818.2,2264382464.0,"WaFd, Inc. - Common Stock",NASDAQ
ECL,274.0249938964844,1139060.0,76960014336.0,Ecolab Inc. Common Stock,NYSE
SLGN,35.130001068115234,1135849.4,3715779584.0,Silgan Holdings Inc. Common Stock,NYSE
AUB,38.709999084472656,1134689.8,5525508096.0,Atlantic Union Bankshares Corporation Common Stock,NYSE
PRVA,20.1200008392334,1134505.8,2577676288.0,"Privia Health Group, Inc. - Common Stock",NASDAQ
CLPT,11.039999961853027,1133675.6,337529280.0,ClearPoint Neuro Inc. - Common Stock,NASDAQ
ELF,103.2300033569336,1133197.6,6082839040.0,"e.l.f. Beauty, Inc. Common Stock",NYSE
TXRH,155.83999633789062,1129251.6,10227184640.0,"Texas Roadhouse, Inc. - Common Stock",NASDAQ
KBH,45.53499984741211,1128055.2,2765184000.0,KB Home Common Stock,NYSE
ALH,21.3700008392334,1125189.6,4244147200.0,Alliance Laundry Holdings Inc. Common Stock,NYSE
SOBO,33.79499816894531,1124874.2,7056536576.0,South Bow Corporation Common Shares,NYSE
TLN,317.8699951171875,1124184.6,14948218880.0,Talen Energy Corporation - Common Stock,NASDAQ
CGAU,21.545000076293945,1124090.4,4283675648.0,Centerra Gold Inc. Common Shares,NYSE
PTC,144.07000732421875,1123946.2,15671559168.0,PTC Inc. - Common Stock,NASDAQ
WYFI,17.81999969482422,1123670.4,690913792.0,"WhiteFiber, Inc. - Ordinary Shares",NASDAQ
PNFP,94.93000030517578,1123662.6,14405568512.0,"Pinnacle Financial Partners, Inc. Common stock",NYSE
PZZA,19.559999465942383,1123036.0,646088128.0,"Papa John's International, Inc. - Common Stock",NASDAQ
AER,144.46499633789062,1122506.0,22698164224.0,AerCap Holdings N.V. Ordinary Shares,NYSE
KNF,50.63999938964844,1121445.6,2870326272.0,Knife Riv Holding Co. Common Stock,NYSE
STGW,8.295000076293945,1120506.4,2032813312.0,Stagwell Inc. - Class A Common Stock,NASDAQ
AKR,18.604999542236328,1119310.4,2710293504.0,Acadia Realty Trust Common Stock,NYSE
ICL,5.039999961853027,1118223.8,6524580864.0,ICL Group Ltd. Ordinary Shares,NYSE
SRRK,47.119998931884766,1118181.8,5725734912.0,Scholar Rock Holding Corporation - Common Stock,NASDAQ
BLFS,37.380001068115234,1115716.4,1827531008.0,"BioLife Solutions, Inc. - Common Stock",NASDAQ
SYM,43.66999816894531,1115353.8,26375743488.0,Symbotic Inc. - Class A Common Stock,NASDAQ
BXP,60.78499984741211,1115244.0,10977451008.0,"BXP, Inc. Common Stock",NYSE
NOC,479.25,1114436.2,68421103616.0,Northrop Grumman Corporation Common Stock,NYSE
RCUS,24.229999542236328,1113312.4,3084651008.0,"Arcus Biosciences, Inc. Common Stock",NYSE
EAT,199.56199645996094,1112837.6,8355939328.0,"Brinker International, Inc. Common Stock",NYSE
CYH,2.71560001373291,1112503.4,382840416.0,"Community Health Systems, Inc. Common Stock",NYSE
FPI,11.359199523925781,1110867.2,498754016.0,Farmland Partners Inc. Common Stock,NYSE
SSNC,78.38999938964844,1109614.0,18413377536.0,"SS&C Technologies Holdings, Inc. - Common Stock",NASDAQ
PGNY,25.344999313354492,1109198.6,1942338944.0,"Progyny, Inc. - Common Stock",NASDAQ
LRMR,2.944999933242798,1108864.4,308532320.0,"Larimar Therapeutics, Inc. - Common Stock",NASDAQ
EVV,8.46500015258789,1108506.0,983278848.0,Eaton Vance Limited Duration Income Fund Common Shares of Beneficial Interest,AMEX
NMIH,38.70500183105469,1104913.0,2920709120.0,NMI Holdings Inc - Common Stock,NASDAQ
FLS,74.55000305175781,1100801.2,9517789184.0,Flowserve Corporation Common Stock,NYSE
TOL,136.77999877929688,1100412.8,12559175680.0,"Toll Brothers, Inc. Common Stock",NYSE
SHOO,45.8650016784668,1099813.6,3380416000.0,"Steven Madden, Ltd. - Common Stock",NASDAQ
WEAV,7.375,1099742.0,593322048.0,"Weave Communications, Inc. Common Stock",NYSE
OZK,46.505001068115234,1099647.6,5084424192.0,Bank OZK - Common Stock,NASDAQ
AROC,30.885000228881836,1099509.6,5403046400.0,"Archrock, Inc. Common Stock",NYSE
SLDE,23.65999984741211,1098349.6,2750331904.0,"Slide Insurance Holdings, Inc. - Common Stock",NASDAQ
BRBS,3.9049999713897705,1097551.8,350678240.0,"Blue Ridge Bankshares, Inc. Common Stock",AMEX
FTAI,167.99000549316406,1097466.8,17274818560.0,FTAI Aviation Ltd. - Common Stock,NASDAQ
HHH,70.8499984741211,1097227.2,4240380416.0,Howard Hughes Holdings Inc. Common Stock,NYSE
GRAL,141.42999267578125,1095192.8,6370297856.0,"GRAIL, Inc. - Common Stock",NASDAQ
FSCO,5.175000190734863,1094841.4,1045774528.0,FS Credit Opportunities Corp. Common Stock,NYSE
STEP,45.654998779296875,1093797.6,5932684800.0,StepStone Group Inc. - Class A Common Stock,NASDAQ
TS,55.939998626708984,1093286.8,28229525504.0,Tenaris S.A. American Depositary Shares,NYSE
PTCT,63.2400016784668,1092586.2,5281399296.0,"PTC Therapeutics, Inc. - Common Stock",NASDAQ
BBNX,18.639999389648438,1092394.4,1003399552.0,"Beta Bionics, Inc. - Common Stock",NASDAQ
CALX,35.407100677490234,1092256.8,2218536192.0,"Calix, Inc Common Stock",NYSE
NVCR,15.265000343322754,1091299.4,1765318912.0,NovoCure Limited - Ordinary Shares,NASDAQ
LGN,53.36000061035156,1086244.4,8778566656.0,Legence Corp. - Class A Common stock,NASDAQ
GSM,4.275000095367432,1084760.0,798828736.0,Ferroglobe PLC - Ordinary Shares,NASDAQ
NOMD,10.574999809265137,1083563.4,1481087488.0,Nomad Foods Limited Ordinary Shares,NYSE
ATAT,32.32500076293945,1083407.0,4464788480.0,Atour Lifestyle Holdings Limited - American Depositary Shares,NASDAQ
MAA,114.79000091552734,1081224.0,13691538432.0,"Mid-America Apartment Communities, Inc. Common Stock",NYSE
RY,195.27000427246094,1081153.2,270226866176.0,Royal Bank Of Canada Common Stock,NYSE
HAWK,14.75,1080503.8,1441073280.0,"HawkEye 360, Inc. Common Stock",NYSE
ADAM,7.869999885559082,1079965.4,704208128.0,"Adamas Trust, Inc. - Common Stock",NASDAQ
LPX,65.16000366210938,1079826.8,4558307328.0,Louisiana-Pacific Corporation Common Stock,NYSE
DC,5.835000038146973,1079697.8,782899392.0,Dakota Gold Corp. Common Stock,AMEX
LINE,34.470001220703125,1076461.8,8613853184.0,"Lineage, Inc. - Common Stock",NASDAQ
ALVO,5.460000038146973,1076243.2,1941120384.0,Alvotech - Ordinary Shares,NASDAQ
HYT,7.860000133514404,1076212.4,1536909824.0,"Blackrock Corporate High Yield Fund, Inc. Common Stock",NYSE
HIW,29.780000686645508,1075981.8,3343108096.0,"Highwoods Properties, Inc. Common Stock",NYSE
PFG,111.66999816894531,1075190.8,23969013760.0,Principal Financial Group Inc - Common Stock,NASDAQ
CTKB,5.829999923706055,1070666.0,760402048.0,"Cytek Biosciences, Inc. - Common Stock",NASDAQ
LIND,34.650001525878906,1070416.6,2273065984.0,Lindblad Expeditions Holdings Inc.  - Common Stock,NASDAQ
FNKO,5.860000133514404,1069831.6,328975136.0,"Funko, Inc. - Class A Common Stock",NASDAQ
RNW,6.84499979019165,1068136.0,2495420928.0,ReNew Energy Global plc - Class A Shares,NASDAQ
TMQ,3.065000057220459,1067652.4,556455744.0,Trilogy Metals Inc. Common Stock,AMEX
WRN,2.1600000858306885,1065442.4,488538944.0,Western Copper and Gold Corporation Common Stock,AMEX
UCTT,73.16999816894531,1063958.8,3209037568.0,"Ultra Clean Holdings, Inc. - Common Stock",NASDAQ
AMLX,27.829999923706055,1062973.0,3544189184.0,"Amylyx Pharmaceuticals, Inc. - Common Stock",NASDAQ
CDP,33.59000015258789,1062826.2,3888318976.0,COPT Defense Properties Common Shares of Beneficial Interest,NYSE
PRTH,7.78000020980835,1062778.8,642046272.0,"Priority Technology Holdings, Inc. - Common Stock",NASDAQ
BVN,31.34000015258789,1061640.2,7939629568.0,Buenaventura Mining Company Inc.,NYSE
FR,59.70000076293945,1061295.0,8183992320.0,"First Industrial Realty Trust, Inc. Common Stock",NYSE
WAL,76.37000274658203,1061247.4,8346761216.0,Western Alliance Bancorporation Common Stock (DE),NYSE
SFL,13.305000305175781,1059763.4,1835994624.0,SFL Corporation Ltd,NYSE
CHRW,156.05499267578125,1059224.2,18339805184.0,"C.H. Robinson Worldwide, Inc. - Common Stock",NASDAQ
SJM,116.84500122070312,1058165.2,12515938304.0,The J.M. Smucker Company Common Stock,NYSE
Q,131.4250030517578,1056959.4,27574159360.0,"Qnity Electronics, Inc. Common Stock",NYSE
AGIO,32.029998779296875,1054117.2,1901803392.0,"Agios Pharmaceuticals, Inc. - Common Stock",NASDAQ
PUK,24.440000534057617,1052584.0,30146748416.0,Prudential Public Limited Company Common Stock,NYSE
NWBI,15.100000381469727,1052001.8,2213729536.0,"Northwest Bancshares, Inc. - Common Stock",NASDAQ
GAB,5.215000152587891,1051539.0,1799273856.0,"Gabelli Equity Trust, Inc. (The) Common Stock",NYSE
RPD,12.289999961853027,1051176.2,829162688.0,"Rapid7, Inc. - Common Stock",NASDAQ
CMC,63.55509948730469,1050908.0,7056173056.0,Commercial Metals Company Common Stock,NYSE
GPRE,15.279999732971191,1050382.4,1066149952.0,"Green Plains, Inc. - Common Stock",NASDAQ
OC,118.12999725341797,1049573.8,9356992512.0,Owens Corning Inc Common Stock New,NYSE
AMBP,4.480000019073486,1049128.6,2668758784.0,Ardagh Metal Packaging S.A. Ordinary Shares,NYSE
BKKT,7.820000171661377,1047470.0,345682720.0,"Bakkt, Inc. Class A Common Stock",NYSE
LNTH,99.97000122070312,1046990.0,6531293184.0,"Lantheus Holdings, Inc. - Common Stock",NASDAQ
DGX,231.39999389648438,1046445.2,25535981568.0,Quest Diagnostics Incorporated Common Stock,NYSE
LTRX,7.199999809265137,1043757.8,337536352.0,"Lantronix, Inc. - Common Stock",NASDAQ
ACHC,27.670000076293945,1043113.6,2578877696.0,"Acadia Healthcare Company, Inc. - Common Stock",NASDAQ
PAYS,14.293999671936035,1042464.6,806844224.0,"Paysign, Inc. - Common Stock",NASDAQ
FDMT,13.819999694824219,1039244.4,757950592.0,"4D Molecular Therapeutics, Inc. - Common Stock",NASDAQ
JQC,4.699999809265137,1037382.6,693999296.0,Nuveen Credit Strategies Income Fund Shares of Beneficial Interest,NYSE
UPBD,16.21500015258789,1035274.4,942118336.0,"Upbound Group, Inc. - Common Stock",NASDAQ
FIBK,35.935001373291016,1034597.8,3431442432.0,"First Interstate BancSystem, Inc. - Common Stock",NASDAQ
ACMR,83.6449966430664,1034139.0,5824066048.0,"ACM Research, Inc. - Class A Common Stock",NASDAQ
APD,277.5899963378906,1032482.4,61877628928.0,"Air Products and Chemicals, Inc. Common Stock",NYSE
ANF,135.67999267578125,1032448.6,5757071872.0,Abercrombie & Fitch Company Common Stock,NYSE
ELV,386.4100036621094,1032090.2,83775528960.0,"Elevance Health, Inc. Common Stock",NYSE
CLYM,10.864999771118164,1031318.2,621747456.0,"Climb Bio, Inc. - Common Stock",NASDAQ
WES,44.90999984741211,1031189.6,18584592384.0,"Western Midstream Partners, LP Common Units Representing Limited Partner Interests",NYSE
TRGP,279.04998779296875,1030846.8,59979034624.0,"Targa Resources, Inc. Common Stock",NYSE
MYI,9.774999618530273,1030776.4,650049728.0,"Blackrock MuniYield Quality Fund III, Inc Common Stock",NYSE
EVEX,1.7649999856948853,1030058.6,613161728.0,"Eve Holding, Inc. Common Stock",NYSE
BIPC,36.91999816894531,1029880.6,4540505600.0,Brookfield Infrastructure Corporation Brookfield Infrastructure Corporation,NYSE
FRT,107.06999969482422,1029303.6,9328952320.0,Federal Realty Investment Trust Common Stock,NYSE
SNN,26.40999984741211,1029244.2,11076032512.0,"Smith & Nephew SNATS, Inc. Common Stock",NYSE
TIGO,87.49500274658203,1028443.6,14699782144.0,Millicom International Cellular S.A. - Common Stock,NASDAQ
TW,102.75499725341797,1028382.0,22349846528.0,Tradeweb Markets Inc. - Class A Common Stock,NASDAQ
OLMA,8.149999618530273,1028297.6,713980480.0,"Olema Pharmaceuticals, Inc. - Common Stock",NASDAQ
BCAT,13.675000190734863,1026754.8,1451198720.0,BlackRock Capital Allocation Term Trust Common Shares of Beneficial Interest,NYSE
NIQ,16.709999084472656,1026238.4,4939036160.0,NIQ Global Intelligence plc Ordinary Shares,NYSE
IMTX,7.789999961853027,1025726.4,1163760640.0,Immatics N.V. - Ordinary Shares,NASDAQ
ARLO,12.930000305175781,1025653.4,1390363904.0,"Arlo Technologies, Inc. Common Stock",NYSE
PHAT,6.949999809265137,1025568.6,562665984.0,"Phathom Pharmaceuticals, Inc. - Common Stock",NASDAQ
SXC,9.850000381469727,1024686.2,835168512.0,"SunCoke Energy, Inc. Common Stock",NYSE
RSG,208.47999572753906,1024577.0,64093442048.0,"Republic Services, Inc. Common Stock",NYSE
OCFC,16.739999771118164,1024368.4,1622189952.0,OceanFirst Financial Corp. - Common Stock,NASDAQ
PPTA,20.230100631713867,1023982.6,2539444736.0,Perpetua Resources Corp. - Common Shares,NASDAQ
SPG,200.7100067138672,1022472.6,76266356736.0,"Simon Property Group, Inc. Common Stock",NYSE
ULS,66.91999816894531,1022345.4,13472478208.0,UL Solutions Inc. Class A Common Stock,NYSE
FDS,269.19500732421875,1020365.8,9550059520.0,FactSet Research Systems Inc. Common Stock,NYSE
MCO,440.4599914550781,1019772.8,76078407680.0,Moody's Corporation Common Stock,NYSE
JMIA,6.885000228881836,1019500.8,922686464.0,"Jumia Technologies AG American Depositary Shares, each representing two Ordinary Shares",NYSE
ZYME,25.190000534057617,1018731.8,1799490048.0,Zymeworks Inc. - Common Stock,NASDAQ
SKM,36.650001525878906,1018429.2,14123315200.0,"SK Telecom Co., Ltd. Common Stock",NYSE
LMT,504.7799987792969,1016642.8,116793966592.0,Lockheed Martin Corporation Common Stock,NYSE
VET,11.65999984741211,1015257.0,1786995968.0,Vermilion Energy Inc. Common (Canada),NYSE
JFR,7.409999847412109,1014941.4,1192768640.0,Nuveen Floating Rate Income Fund Common Stock,NYSE
RYAM,7.090000152587891,1013503.2,485008992.0,Rayonier Advanced Materials Inc. Common Stock,NYSE
USA,5.815000057220459,1013456.0,1792295552.0,Liberty All-Star Equity Fund Common Stock,NYSE
SUI,110.69999694824219,1013176.0,14189992960.0,"Sun Communities, Inc. Common Stock",NYSE
FCF,20.40999984741211,1012106.6,2067099008.0,First Commonwealth Financial Corporation Common Stock,NYSE
UE,19.770000457763672,1011933.6,2726893824.0,Urban Edge Properties Common Shares of Beneficial Interest,NYSE
ASO,48.209999084472656,1011777.6,2974876416.0,"Academy Sports and Outdoors, Inc. - Common Stock",NASDAQ
ACP,4.460000038146973,1011118.6,559599232.0,abrdn Income Credit Strategies Fund Common Shares,NYSE
CMI,529.081298828125,1004789.2,73041756160.0,Cummins Inc. Common Stock,NYSE
CRI,31.31999969482422,1003835.2,1152731136.0,"Carter's, Inc. Common Stock",NYSE
EXPD,191.11500549316406,1002162.8,24872404992.0,"Expeditors International of Washington, Inc. Common Stock",NYSE
ST,43.54999923706055,1001096.4,6364282880.0,Sensata Technologies Holding plc Ordinary Shares,NYSE
ORKA,83.44999694824219,1000985.0,5527185920.0,"Oruka Therapeutics, Inc. - Common Stock",NASDAQ
MAN,54.41999816894531,1000726.6,2528972800.0,ManpowerGroup Common Stock,NYSE
ADNT,17.350000381469727,1000625.0,1338017152.0,Adient plc Ordinary Shares ,NYSE
CMBT,19.729999542236328,1000271.2,5698933760.0,CMB.TECH NV Ordinary Shares,NYSE
PB,67.12000274658203,1000006.0,8078882816.0,"Prosperity Bancshares, Inc. Common Stock",NYSE
AAON,83.5,999921.4,6914562048.0,"AAON, Inc. - Common Stock",NASDAQ
SN,181.3699951171875,999399.2,25616787456.0,"SharkNinja, Inc. Ordinary Shares",NYSE
SLN,10.600000381469727,999185.0,656968704.0,Silence Therapeutics Plc - American Depository Share,NASDAQ
CNI,119.5199966430664,997284.0,72250351616.0,Canadian National Railway Company Common Stock,NYSE
TV,2.244999885559082,997271.4,1199061504.0,Grupo Televisa S.A.B. Common Stock,NYSE
AYA,26.860000610351562,997189.6,3899058688.0,Aya Gold & Silver Inc. - Common Shares,NASDAQ
OTEX,22.07990074157715,996487.8,5358264320.0,Open Text Corporation - Common Shares,NASDAQ
CRVS,10.835000038146973,995461.6,905982592.0,"Corvus Pharmaceuticals, Inc. - Common Stock",NASDAQ
SHOE,12.5600004196167,995042.4,344690784.0,"Shoe Station Group, Inc. - Common Stock",NASDAQ
OMER,18.469999313354492,990839.0,1328687616.0,Omeros Corporation - Common Stock,NASDAQ
LXP,60.91999816894531,990369.4,3591971328.0,LXP Industrial Trust Common Stock (Maryland REIT),NYSE
URBN,80.47000122070312,987769.2,6875942912.0,"Urban Outfitters, Inc. - Common Stock",NASDAQ
APAM,35.38999938964844,986610.0,2512563712.0,Artisan Partners Asset Management Inc. Class A Common Stock,NYSE
HELP,11.5600004196167,986406.2,846146688.0,Helus Pharma Inc.  - Common Stock,NASDAQ
UBSI,46.7400016784668,984667.8,6378834944.0,"United Bankshares, Inc. - Common Stock",NASDAQ
NE,40.709999084472656,984161.6,6507016704.0,Noble Corporation plc A Ordinary Shares,NYSE
ETOR,25.28499984741211,981060.0,2010444800.0,eToro Group Ltd. - Class A Common Shares,NASDAQ
NTRS,171.33999633789062,980794.8,31339386880.0,Northern Trust Corporation - Common Stock,NASDAQ
MTSI,323.3599853515625,980747.4,24721270784.0,"MACOM Technology Solutions Holdings, Inc. - Common Stock",NASDAQ
CFFN,8.53499984741211,980519.4,1054191936.0,"Capitol Federal Financial, Inc. - Common Stock",NASDAQ
GGAL,36.0099983215332,980315.8,6105407488.0,"Grupo Financiero Galicia S.A. - American Depositary Shares, Class B Shares underlying",NASDAQ
CGEM,14.739999771118164,979885.8,944083392.0,"Cullinan Therapeutics, Inc. - Common Stock",NASDAQ
ONT,12.770000457763672,978777.2,451083328.0,"Onterris, Inc. Common Stock",NYSE
MMYT,44.665000915527344,978418.4,4224644864.0,MakeMyTrip Limited - Ordinary Shares,NASDAQ
ZG,28.31999969482422,977545.4,6340349440.0,"Zillow Group, Inc. - Class A Common Stock",NASDAQ
L,105.70999908447266,977094.2,21638672384.0,Loews Corporation Common Stock,NYSE
DOX,57.459999084472656,974958.0,6053981696.0,Amdocs Limited - Ordinary Shares,NASDAQ
VAL,78.33999633789062,974882.8,5430227456.0,Valaris Limited Common Shares,NYSE
GTN,4.550000190734863,974870.0,471153536.0,"Gray Media, Inc. Common Stock",NYSE
TARS,73.7249984741211,970784.0,3430532608.0,"Tarsus Pharmaceuticals, Inc. - Common Stock",NASDAQ
MHK,127.44999694824219,969281.4,8632210432.0,"Mohawk Industries, Inc. Common Stock",NYSE
BKH,70.8499984741211,968431.6,5400247808.0,Black Hills Corporation Common Stock,NYSE
GLOB,35.529998779296875,967511.8,1530715264.0,Globant S.A. Common Shares,NYSE
NXRT,18.8799991607666,965381.8,965507072.0,"NexPoint Residential Trust, Inc. Common Stock",NYSE
FOX,55.6349983215332,965225.8,23487221760.0,Fox Corporation - Class B Common Stock,NASDAQ
IRDM,49.025001525878906,965048.4,5198394880.0,Iridium Communications Inc - Common Stock,NASDAQ
MOMO,4.730800151824951,964183.0,681551296.0,Hello Group Inc.  - American Depositary Shares,NASDAQ
IMNM,21.03499984741211,963596.0,2375476224.0,"Immunome, Inc. - Common Stock",NASDAQ
RRR,50.33000183105469,963228.8,5171288064.0,"Red Rock Resorts, Inc. - Class A Common Stock",NASDAQ
AVTX,14.630000114440918,963218.0,783534080.0,"Avalo Therapeutics, Inc. - Common Stock",NASDAQ
ECVT,10.09000015258789,959750.8,1107272832.0,Ecovyst Inc. Common Stock,NYSE
OXLC,8.930000305175781,959191.2,876880512.0,Oxford Lane Capital Corp. - Closed End Fund,NASDAQ
MGA,64.2249984741211,958807.0,17222926336.0,"Magna International, Inc. Common Stock",NYSE
SCI,77.19999694824219,957059.8,10535340032.0,Service Corporation International Common Stock,NYSE
YPF,49.7400016784668,956458.0,19474368512.0,YPF Sociedad Anonima American Depositary Shares,NYSE
EMBC,5.579999923706055,954063.8,316727168.0,Embecta Corp. - Common Stock,NASDAQ
EPAM,109.55500030517578,953734.2,5621949440.0,"EPAM Systems, Inc. Common Stock",NYSE
BEP,28.5,953373.2,13835059200.0,Brookfield Renewable Partners L.P. Limited Partnership Units,NYSE
MKSI,280.9075012207031,951934.0,19009325056.0,MKS Inc. - Common Stock,NASDAQ
HCA,426.3800048828125,951438.0,94481571840.0,"HCA Healthcare, Inc. Common Stock",NYSE
NGG,76.04499816894531,951348.4,76514590720.0,"National Grid Transco, PLC National Grid PLC (NEW) American Depositary Shares",NYSE
TRV,361.5400085449219,950523.0,75250737152.0,"The Travelers Companies, Inc. Common Stock",NYSE
SRTA,4.764999866485596,950316.2,423313664.0,"Strata Critical Medical, Inc. - Class A Common Stock",NASDAQ
DUOL,144.22500610351562,949528.0,6732543488.0,"Duolingo, Inc. - Class A Common Stock",NASDAQ
REG,71.66999816894531,948540.4,13412419584.0,Regency Centers Corporation - Common Stock,NASDAQ
XPO,187.02499389648438,948296.0,21908633600.0,"XPO, Inc. Common Stock",NYSE
STLD,231.22999572753906,948080.2,33278633984.0,"Steel Dynamics, Inc. - Common Stock",NASDAQ
EFXT,24.6299991607666,947834.8,2989689088.0,Enerflex Ltd Common Shares,NYSE
HP,38.40999984741211,946548.8,3853645824.0,"Helmerich & Payne, Inc. Common Stock",NYSE
PAY,30.899999618530273,946465.8,3894053888.0,"Paymentus Holdings, Inc. Class A Common Stock",NYSE
HLF,12.539999961853027,944966.6,1317378432.0,Herbalife Ltd. Common Shares,NYSE
ADRX,18.43000030517578,944835.2,1941648128.0,"ADARx Pharmaceuticals, Inc. - Common stock",NASDAQ
MGTX,10.84000015258789,944636.4,1044467520.0,MeiraGTx Holdings plc - Ordinary Shares,NASDAQ
LMND,46.15999984741211,942969.8,3581915392.0,"Lemonade, Inc. Common Stock",NYSE
ESNT,60.099998474121094,942327.0,5415957504.0,Essent Group Ltd. Common Shares,NYSE
ASPN,5.789999961853027,939529.0,475940672.0,"Aspen Aerogels, Inc. Common Stock",NYSE
ICLR,161.32000732421875,937873.6,12445745152.0,ICON plc - Ordinary Shares,NASDAQ
PHG,23.854999542236328,936863.8,23345854464.0,Koninklijke Philips N.V. NY Registry Shares,NYSE
ECC,3.494999885559082,936831.6,464872576.0,Eagle Point Credit Company Common Share of Beneficial Interest,NYSE
VOR,18.3700008392334,936713.4,992414336.0,Vor Biopharma Inc. - Common Stock,NASDAQ
CBC,31.80500030517578,936487.0,7635423744.0,"Central Bancompany, Inc. - Class A Common Stock",NASDAQ
TLK,12.59000015258789,935425.4,12431055872.0,"PT Telekomunikasi Indonesia, Tbk",NYSE
EGY,5.744999885559082,934892.6,605378688.0,"VAALCO Energy, Inc.  Common Stock",NYSE
RLMD,3.634999990463257,934678.8,385611488.0,"Relmada Therapeutics, Inc. - Common Stock",NASDAQ
WSM,231.875,934481.4,27267414016.0,"Williams-Sonoma, Inc. Common Stock (DE)",NYSE
GNRC,216.0196990966797,934259.4,12809195520.0,Generac Holdlings Inc. Common Stock,NYSE
MDXG,4.585000038146973,931524.0,674216448.0,"MiMedx Group, Inc - Common Stock",NASDAQ
IEP,6.764999866485596,930626.2,4812895232.0,Icahn Enterprises L.P. - Depositary Units representing Limited Partner Interests,NASDAQ
INSP,70.19000244140625,930500.6,2050902144.0,"Inspire Medical Systems, Inc. Common Stock",NYSE
QNST,14.9350004196167,929147.0,855489728.0,"QuinStreet, Inc. - Common Stock",NASDAQ
HASI,36.369998931884766,929108.0,4679816704.0,"HA Sustainable Infrastructure Capital, Inc. Common Stock",NYSE
KEYS,384.3699951171875,927293.0,65454850048.0,Keysight Technologies Inc. Common Stock,NYSE
CVI,55.255001068115234,926352.6,5516113920.0,CVR Energy Inc. Common Stock,NYSE
ELVN,46.13999938964844,926143.6,3389505280.0,"Enliven Therapeutics, Inc.  - Common Stock",NASDAQ
GENB,13.40999984741211,925600.6,1717355520.0,"Generate Biomedicines, Inc. - Common Stock",NASDAQ
WB,6.315000057220459,924337.0,1553879040.0,Weibo Corporation - American Depositary Shares,NASDAQ
LDOS,118.97000122070312,924258.8,14987337728.0,"Leidos Holdings, Inc. Common Stock",NYSE
CLNE,1.5700000524520874,923079.8,346098688.0,Clean Energy Fuels Corp. - Common Stock,NASDAQ
GBCI,43.84989929199219,923019.0,5719776256.0,"Glacier Bancorp, Inc. Common Stock",NYSE
WKC,35.814998626708984,921725.6,1831227904.0,World Kinect Corporation Common Stock,NYSE
GORO,3.2200000286102295,919700.2,545855616.0,Goldgroup Mining Inc. Common Shares,AMEX
ENHA,1.465000033378601,918568.2,568141760.0,Enhanced Group Inc. Class A Common Stock,NYSE
VECO,58.3650016784668,918284.4,3510980864.0,Veeco Instruments Inc. - Common Stock,NASDAQ
ITGR,126.5250015258789,917768.6,4300968960.0,Integer Holdings Corporation Common Stock,NYSE
IART,13.104999542236328,916448.8,1035929728.0,Integra LifeSciences Holdings Corporation - Common Stock,NASDAQ
ABTC,8.489999771118164,916337.4,1020240064.0,American Bitcoin Corp. - Class A Common Stock,NASDAQ
MAX,9.770000457763672,916034.6,516778080.0,"MediaAlpha, Inc. Class A Common Stock",NYSE
GLOO,4.099999904632568,915532.2,378023200.0,"Gloo Holdings, Inc. - Common Stock",NASDAQ
BOBS,14.109999656677246,912864.2,1842034304.0,"Bob's Discount Furniture, Inc. Common Stock",NYSE
SNX,279.4800109863281,912531.6,22085132288.0,TD SYNNEX Corporation Common Stock,NYSE
AXSM,177.4600067138672,910831.2,9321690112.0,"Axsome Therapeutics, Inc. - Common Stock",NASDAQ
ETON,54.63999938964844,908031.2,1577360384.0,"Eton Pharmaceuticals, Inc. - Common Stock",NASDAQ
BIP,36.790000915527344,907641.8,29123321856.0,Brookfield Infrastructure Partners LP Limited Partnership Units,NYSE
HQY,90.05000305175781,904861.2,7438586368.0,"HealthEquity, Inc. - Common Stock",NASDAQ
PRGS,36.650001525878906,902399.0,1515615104.0,Progress Software Corporation - Common Stock,NASDAQ
CRSR,14.149999618530273,902224.8,1533949312.0,"Corsair Gaming, Inc. - Common Stock",NASDAQ
KREF,6.130000114440918,901456.6,360547296.0,KKR Real Estate Finance Trust Inc. Common Stock,NYSE
WH,71.23500061035156,901049.0,5289026048.0,"Wyndham Hotels & Resorts, Inc. Common Stock ",NYSE
WSBC,38.01499938964844,898870.8,3652096512.0,"WesBanco, Inc. - Common Stock",NASDAQ
NMCO,8.744999885559082,898773.0,500296672.0,Nuveen Municipal Credit Opportunities Fund Common Shares,NYSE
DRVN,11.654999732971191,897565.0,1931088640.0,Driven Brands Holdings Inc. - Common Stock,NASDAQ
SCCO,203.77000427246094,896637.0,172896256000.0,Southern Copper Corporation Common Stock,NYSE
YEXT,6.525000095367432,894855.2,644351360.0,"Yext, Inc. Common Stock",NYSE
ALLE,155.1750030517578,894019.4,13225345024.0,Allegion plc Ordinary Shares,NYSE
CADL,10.130000114440918,893413.4,774750528.0,"Candel Therapeutics, Inc. - Common Stock",NASDAQ
TKO,176.02999877929688,892978.8,33351217152.0,"TKO Group Holdings, Inc. Class A Common Stock",NYSE
FOSL,6.65500020980835,890925.8,395042176.0,"Fossil Group, Inc. - Common Stock",NASDAQ
SITE,89.86000061035156,890667.0,3971568128.0,"SiteOne Landscape Supply, Inc. Common Stock",NYSE
GSBD,9.085000038146973,889537.2,1022689920.0,"Goldman Sachs BDC, Inc. Common Stock",NYSE
BL,27.5,888613.8,1596701184.0,"BlackLine, Inc. - Common Stock",NASDAQ
RJF,158.22999572753906,888165.2,30392186880.0,"Raymond James Financial, Inc. Common Stock",NYSE
CWEN,29.600000381469727,886478.6,7302866944.0,"Clearway Energy, Inc. Class C Common Stock",NYSE
MTB,218.2899932861328,885847.6,31691032576.0,M&T Bank Corporation Common Stock,NYSE
VELO,10.9399995803833,883387.4,351550624.0,"Velo3D, Inc. - Common stock",NASDAQ
DSL,9.949999809265137,883325.8,1140555264.0,DoubleLine Income Solutions Fund Common Shares of Beneficial Interests,NYSE
TKR,122.44999694824219,882981.0,8528366592.0,Timken Company (The) Common Stock,NYSE
ASTL,4.215000152587891,880686.4,448428576.0,Algoma Steel Group Inc. - Common Shares,NASDAQ
MNSO,8.819999694824219,880643.2,2583721472.0,"MINISO Group Holding Limited American Depositary Shares, each representing four Ordinary Shares",NYSE
SQM,64.3499984741211,878014.6,18438064128.0,Sociedad Quimica y Minera S.A. Common Stock,NYSE
COHU,74.12999725341797,877788.6,3509671424.0,"Cohu, Inc. - Common Stock",NASDAQ
BKSY,22.270000457763672,877668.0,906894656.0,BlackSky Technology Inc. Class A Common Stock,NYSE
LSPD,9.765000343322754,877617.4,1271661440.0,Lightspeed Commerce Inc. Subordinate Voting Shares,NYSE
PLAB,31.364999771118164,876031.2,1852216064.0,"Photronics, Inc. - Common Stock",NASDAQ
PLTK,2.180000066757202,875445.2,833398720.0,Playtika Holding Corp. - Common Stock,NASDAQ
AXON,414.5101013183594,874942.4,33616041984.0,"Axon Enterprise, Inc. - Common Stock",NASDAQ
HSIC,84.37000274658203,873055.6,9652167680.0,"Henry Schein, Inc. - Common Stock",NASDAQ
RMD,219.8406982421875,872868.2,31627677696.0,ResMed Inc. Common Stock,NYSE
CROX,118.22000122070312,869517.0,5668066816.0,"Crocs, Inc. - Common Stock",NASDAQ
FFIN,32.0099983215332,868144.4,4594833920.0,"First Financial Bankshares, Inc. - Common Stock",NASDAQ
DFH,10.859999656677246,866240.4,984569408.0,"Dream Finders Homes, Inc. Class A Common Stock",NYSE
STLN,6.329999923706055,865794.4,646076800.0,"Starling Oncology, Inc. - Common Stock",NASDAQ
ATO,157.1199951171875,865302.6,26548946944.0,Atmos Energy Corporation Common Stock,NYSE
UCB,33.939998626708984,861699.6,4100170240.0,"United Community Banks, Inc. Common Stock",NYSE
BZH,33.404998779296875,858794.0,890966080.0,"Beazer Homes USA, Inc. Common Stock",NYSE
RQI,11.074999809265137,858430.0,1493817216.0,Cohen & Steers Quality Income Realty Fund Inc Common Shares,NYSE
VRTX,504.7300109863281,857873.8,127688531968.0,Vertex Pharmaceuticals Incorporated - Common Stock,NASDAQ
FTS,52.70000076293945,856329.2,26934648832.0,Fortis Inc. Common Shares,NYSE
HIMX,15.25,855417.0,2664355840.0,"Himax Technologies, Inc. - American depositary shares, each of which represents two ordinary shares.",NASDAQ
CAE,23.99489974975586,855203.4,7698630144.0,CAE Inc - Common Shares,NASDAQ
CBZ,54.720001220703125,854118.0,3005793536.0,"CBIZ, Inc. Common Stock",NYSE
CORT,116.18000030517578,853644.2,12516173824.0,Corcept Therapeutics Incorporated - Common Stock,NASDAQ
HOPE,13.65999984741211,853313.6,1748147072.0,"Hope Bancorp, Inc. - Common Stock",NASDAQ
ADIG,18.53499984741211,851074.0,1390153728.0,ADI Global Distribution Inc. Common Stock,NYSE
MC,56.41999816894531,850902.4,4192978688.0,Moelis & Company Class A Common Stock,NYSE
NWS,31.579999923706055,850458.6,17062358016.0,News Corporation - Class B Common Stock,NASDAQ
MUC,9.789999961853027,849506.0,921589632.0,"Blackrock MuniHoldings California Quality Fund, Inc.  Common Stock",NYSE
HXL,85.83999633789062,849203.2,6480929792.0,Hexcel Corporation Common Stock,NYSE
TRN,26.479999542236328,848801.0,2107257984.0,"Trinity Industries, Inc. Common Stock",NYSE
EHC,120.0250015258789,848638.6,11810289664.0,Encompass Health Corporation Common Stock,NYSE
JBHT,233.2100067138672,848352.6,22001238016.0,"J.B. Hunt Transport Services, Inc. - Common Stock",NASDAQ
DEO,84.73999786376953,847742.2,47216717824.0,Diageo plc Common Stock,NYSE
PACS,42.4900016784668,847028.6,6736072704.0,"PACS Group, Inc. Common Stock",NYSE
OIS,8.260000228881836,846801.4,499169664.0,"Oil States International, Inc. Common Stock",NYSE
SBCF,32.5099983215332,846727.2,3154009344.0,Seacoast Banking Corporation of Florida - Common Stock,NASDAQ
XTND,3.3427999019622803,846536.6,832100672.0,"Xtend AI Robotics, Inc. Common Stock",NYSE
SLG,49.029998779296875,845613.4,3774644992.0,SL Green Realty Corp Common Stock,NYSE
CBRL,54.54499816894531,845413.6,1225583744.0,"Cracker Barrel Old Country Store, Inc. - Common Stock",NASDAQ
AMBA,68.93499755859375,844676.6,3067356160.0,"Ambarella, Inc. - Ordinary Shares",NASDAQ
TFX,124.34500122070312,844062.4,5298244608.0,Teleflex Incorporated Common Stock,NYSE
KMPR,25.825000762939453,842924.8,1519922688.0,Kemper Corporation,NYSE
PAX,10.175000190734863,841124.0,1647831168.0,Patria Investments Limited - Class A Common Shares,NASDAQ
FRPT,60.244998931884766,840917.0,2911358208.0,"Freshpet, Inc. - Common Stock",NASDAQ
POWI,55.22249984741211,839553.6,3079736064.0,"Power Integrations, Inc. - Common Stock",NASDAQ
GRPN,19.229999542236328,839363.0,780773696.0,"Groupon, Inc. - Common Stock",NASDAQ
PFS,22.454999923706055,838431.2,2934508800.0,"Provident Financial Services, Inc Common Stock",NYSE
PAR,14.180000305175781,835599.0,590039040.0,PAR Technology Corporation Common Stock,NYSE
NFG,76.68499755859375,834496.2,7296611840.0,National Fuel Gas Company Common Stock,NYSE
JBGS,10.515000343322754,833904.2,812849856.0,JBG SMITH Properties Common Shares ,NYSE
VFF,2.9100000858306885,833830.0,355743072.0,"Village Farms International, Inc. - Common Shares",NASDAQ
BMO,165.55999755859375,833695.6,115009961984.0,Bank Of Montreal Common Stock,NYSE
AVR,7.869999885559082,832324.2,766083072.0,Anteris Technologies Global Corp. - Common Stock,NASDAQ
SKT,34.994998931884766,831114.2,4192821760.0,Tanger Inc. Common Stock,NYSE
ESAB,69.66000366210938,829847.4,4335582720.0,ESAB Corporation Common Stock,NYSE
BKU,43.220001220703125,829622.2,3079726336.0,"BankUnited, Inc. Common Stock",NYSE
XPRO,16.5,829253.8,1868767232.0,Expro Ltd Ordinary Shares,NYSE
REGN,737.0349731445312,828705.6,75734720512.0,"Regeneron Pharmaceuticals, Inc. - Common Stock",NASDAQ
ITT,206.33999633789062,826375.8,18514190336.0,ITT Inc. Common Stock ,NYSE
GKOS,164.64999389648438,824389.4,9673365504.0,Glaukos Corporation Common Stock,NYSE
LPLA,314.9100036621094,822532.0,24858546176.0,LPL Financial Holdings Inc. - Common Stock,NASDAQ
VIV,11.414999961853027,822253.2,18350768128.0,Telefonica Brasil S.A. American Depositary Shares (Each representing One Common Share),NYSE
SMA,32.2599983215332,821639.6,1793121920.0,"SmartStop Self Storage REIT, Inc. Common Stock",NYSE
HMC,31.295000076293945,821452.6,40541224960.0,"Honda Motor Company, Ltd. Common Stock",NYSE
DEA,23.43000030517578,818950.8,1147715968.0,"Easterly Government Properties, Inc. Common Stock",NYSE
BTGO,7.25,818344.8,845740800.0,"BitGo Holdings, Inc. Class A Common Stock",NYSE
SNEX,66.05000305175781,815286.4,7993874432.0,StoneX Group Inc. - Common Stock,NASDAQ
CTNM,12.869999885559082,815233.2,484936416.0,"Contineum Therapeutics, Inc. - Common stock",NASDAQ
IVT,30.389999389648438,814354.4,2372103936.0,InvenTrust Properties Corp. Common Stock,NYSE
OMF,56.375,814260.4,6497542144.0,"OneMain Holdings, Inc. Common Stock",NYSE
PSA,284.45001220703125,814106.2,53247295488.0,Public Storage Common Stock,NYSE
MMS,53.25,811936.4,2783076864.0,"Maximus, Inc. Common Stock",NYSE
KYTX,6.224999904632568,811782.8,383429344.0,"Kyverna Therapeutics, Inc. - Common Stock",NASDAQ
CON,35.94499969482422,808857.2,4584900608.0,"Concentra Group Holdings Parent, Inc. Common Stock",NYSE
STAA,22.649999618530273,808672.4,1128490368.0,STAAR Surgical Company - Common Stock,NASDAQ
BV,10.324999809265137,805954.8,955168960.0,"BrightView Holdings, Inc. Common Stock",NYSE
VIST,64.36000061035156,805632.0,7100531712.0,"Vista Energy S.A.B. de C.V. American Depositary Shares, each representing one series A share, with no par value",NYSE
SON,48.7599983215332,805597.2,4823803392.0,Sonoco Products Company Common Stock,NYSE
ATKR,94.79499816894531,805174.2,3201855232.0,Atkore Inc. Common Stock,NYSE
TCPC,4.0,803717.6,336441760.0,BlackRock TCP Capital Corp. - Closed End Fund,NASDAQ
J,137.9600067138672,803095.8,16312284160.0,Jacobs Solutions Inc. Common Stock,NYSE
AVO,12.930000305175781,802910.6,1130612992.0,"Mission Produce, Inc. - Common Stock",NASDAQ
XIFR,10.46500015258789,801863.8,984963456.0,"XPLR Infrastructure, LP Common Units representing limited partner interests",NYSE
HRMY,39.595001220703125,801340.0,2307325696.0,"Harmony Biosciences Holdings, Inc. - Common Stock",NASDAQ
MIRM,81.9800033569336,801087.0,5343920640.0,"Mirum Pharmaceuticals, Inc. - common stock",NASDAQ
CRMD,7.230000019073486,799901.0,562757952.0,CorMedix Inc. - Common Stock,NASDAQ
GPRK,10.805000305175781,797483.6,703469952.0,Geopark Ltd Common Shares,NYSE
JBIO,13.789999961853027,795331.8,886865536.0,"Jade Biosciences, Inc. - Common Stock",NASDAQ
WFRD,80.70999908447266,794568.4,5776390144.0,Weatherford International plc - Ordinary shares,NASDAQ
JKHY,143.10000610351562,793482.4,10008926208.0,"Jack Henry & Associates, Inc. - Common Stock",NASDAQ
RRX,161.28500366210938,791958.0,10727283712.0,Regal Rexnord Corporation Common Stock,NYSE
CCK,106.19000244140625,790010.4,11560698880.0,"Crown Holdings, Inc.",NYSE
VICR,308.989990234375,789120.0,14201334784.0,Vicor Corporation - Common Stock,NASDAQ
CNO,53.63999938964844,788569.4,4969785344.0,"CNO Financial Group, Inc. Common Stock",NYSE
EOLS,7.235000133514404,787852.8,479526208.0,"Evolus, Inc. - Common Stock",NASDAQ
PARR,85.0999984741211,786759.2,4257466624.0,"Par Pacific Holdings, Inc.  Common Stock",NYSE
HSAI,15.380000114440918,785131.8,19297818624.0,Hesai Group - American Depositary Share,NASDAQ
NRK,9.364999771118164,784117.6,816958592.0,Nuveen New York AMT-Free Quality Municipal Income Fund ,NYSE
PFLT,6.869100093841553,783538.6,684107392.0,PennantPark Floating Rate Capital Ltd. Common Stock,NYSE
NMAX,9.550000190734863,783072.6,1232838400.0,"Newsmax, Inc. Class B Common Stock",NYSE
XHR,18.209999084472656,778641.6,1802967936.0,"Xenia Hotels & Resorts, Inc. Common Stock",NYSE
TRNO,64.72000122070312,777388.8,7053103104.0,Terreno Realty Corporation Common Stock,NYSE
PWR,677.0800170898438,776088.6,101946351616.0,"Quanta Services, Inc. Common Stock",NYSE
HWC,72.75499725341797,775312.0,5852271616.0,Hancock Whitney Corporation - Common Stock,NASDAQ
RAL,73.97000122070312,773004.2,8164126208.0,Ralliant Corporation Common Stock,NYSE
DIN,29.420000076293945,772383.8,373824704.0,"Dine Brands Global, Inc. Common Stock",NYSE
HUYA,2.265000104904175,770027.6,517249216.0,"HUYA Inc. American depositary shares, each  representing one Class A ordinary share",NYSE
IDYA,37.349998474121094,769092.4,3574452992.0,"IDEAYA Biosciences, Inc. - Common Stock",NASDAQ
PBA,45.89500045776367,768936.8,26707912704.0,Pembina Pipeline Corp. Ordinary Shares (Canada),NYSE
PSQL,6.019999980926514,768676.0,1278008064.0,Pasqal Holding SA - Ordinary Shares,NASDAQ
OII,44.5,768452.6,4416130560.0,"Oceaneering International, Inc. Common Stock",NYSE
DNTH,89.16500091552734,768352.0,4858461184.0,"Dianthus Therapeutics, Inc. - Common Stock",NASDAQ
COCO,56.130001068115234,767270.6,3244587520.0,"The Vita Coco Company, Inc. - Common Stock",NASDAQ
MLM,483.2300109863281,765453.2,34404274176.0,"Martin Marietta Materials, Inc. Common Stock",NYSE
DD,130.40499877929688,765201.2,17626107904.0,"DuPont de Nemours, Inc. Common Stock",NYSE
COLL,21.9950008392334,762741.2,683842176.0,"Collegium Pharmaceutical, Inc. - Common Stock",NASDAQ
INVA,20.690000534057617,762624.4,1492953088.0,"Innoviva, Inc. - Common Stock",NASDAQ
BR,157.42999267578125,761850.4,17770465280.0,"Broadridge Financial Solutions, Inc. Common Stock",NYSE
PAYP,14.899999618530273,761366.2,10065731584.0,PayPay Corporation - American Depository Shares,NASDAQ
WGS,72.94999694824219,761234.6,2163177984.0,GeneDx Holdings Corp. - Class A Common Stock,NASDAQ
IDA,133.02000427246094,759477.8,7675639296.0,"IDACORP, Inc. Common Stock",NYSE
ECAT,13.893600463867188,758671.4,1381117440.0,BlackRock ESG Capital Allocation Term Trust Common Shares of Beneficial Interest,NYSE
MH,12.829999923706055,758223.4,2443970048.0,"McGraw Hill, Inc. Common Stock",NYSE
SPT,10.020000457763672,758198.0,608951744.0,"Sprout Social, Inc - Class A Common Stock",NASDAQ
NEWP,6.300000190734863,757306.0,1156237440.0,New Pacific Metals Corp. Common Shares,AMEX
EVER,19.309999465942383,757249.6,687299264.0,"EverQuote, Inc. - Class A Common Stock",NASDAQ
AXS,95.03500366210938,754859.8,7007393280.0,Axis Capital Holdings Limited Common Stock,NYSE
IT,186.75,753703.8,11765285888.0,"Gartner, Inc. Common Stock",NYSE
AGCO,113.42500305175781,753488.8,7924090368.0,AGCO Corporation Common Stock,NYSE
ATMU,45.6349983215332,753305.2,3719124224.0,Atmus Filtration Technologies Inc. Common Stock,NYSE
TYRA,20.450000762939453,752449.8,1398495744.0,"Tyra Biosciences, Inc. - Common Stock",NASDAQ
BUSE,29.670000076293945,752065.8,2449232640.0,First Busey Corporation - Common Stock,NASDAQ
PII,53.869998931884766,751217.4,3066246400.0,Polaris Inc. Common Stock,NYSE
SBAC,159.72500610351562,749335.8,16866418688.0,SBA Communications Corporation - Class A Common Stock,NASDAQ
EWBC,125.40499877929688,748582.0,17242941440.0,"East West Bancorp, Inc. - Common Stock",NASDAQ
SWIM,6.425000190734863,748201.0,757052544.0,"Latham Group, Inc. - Common Stock",NASDAQ
FMS,22.21500015258789,746843.6,11823253504.0,Fresenius Medical Care AG American Depositary Shares (Each representing 1/2 of an Ordinary Share),NYSE
FOXF,18.610000610351562,746023.6,784718784.0,Fox Factory Holding Corp. - Common Stock,NASDAQ
ROP,356.07000732421875,745600.6,35186606080.0,"Roper Technologies, Inc. - Common Stock",NASDAQ
ZBIO,28.387500762939453,743780.8,1872201472.0,"Zenas BioPharma, Inc. - Common Stock",NASDAQ
SUPV,6.900000095367432,743738.4,653996800.0,Grupo Supervielle S.A. American Depositary Shares each Representing five Class B shares,NYSE
APPN,36.849998474121094,742236.8,2625151744.0,Appian Corporation - Class A Common Stock,NASDAQ
SAFE,12.204999923706055,742028.4,868561728.0,Safehold Inc. New Common Stock ,NYSE
FIVE,222.66000366210938,741941.6,12261635072.0,"Five Below, Inc. - Common Stock",NASDAQ
NSC,317.2724914550781,741415.0,71333371904.0,Norfolk Southern Corporation Common Stock,NYSE
MRAM,18.85890007019043,741343.4,458997664.0,"Everspin Technologies, Inc. - Common Stock",NASDAQ
SHEN,10.90999984741211,740625.0,608457792.0,Shenandoah Telecommunications Co - Common Stock,NASDAQ
ACA,146.8300018310547,740323.8,7208142848.0,"Arcosa, Inc. Common Stock ",NYSE
PUBM,18.760000228881836,739863.4,852469376.0,"PubMatic, Inc. - Class A Common Stock",NASDAQ
H,159.13499450683594,737223.4,15028874240.0,Hyatt Hotels Corporation Class A Common Stock,NYSE
DTM,120.95999908447266,736522.8,12378025984.0,"DT Midstream, Inc. Common Stock ",NYSE
WIX,71.93499755859375,734670.2,3019860992.0,Wix.com Ltd. - Ordinary Shares,NASDAQ
MUA,9.579999923706055,733339.2,638566208.0,"Blackrock MuniAssets Fund, Inc Common Stock",NYSE
TRIN,17.545000076293945,732932.6,1665186432.0,Trinity Capital Inc. Common Stock,NYSE
MD,25.850000381469727,732582.0,2093896832.0,"Pediatrix Medical Group, Inc. Common Stock",NYSE
FFBC,31.725000381469727,732044.0,3340627456.0,First Financial Bancorp. - Common Stock,NASDAQ
FN,461.6300048828125,731912.6,16549257216.0,Fabrinet Ordinary Shares,NYSE
CEVA,37.119998931884766,731868.8,1050991552.0,"CEVA, Inc. - Common Stock",NASDAQ
KYMR,106.69000244140625,731703.8,8873833472.0,"Kymera Therapeutics, Inc. - Common Stock",NASDAQ
MICC,17.424999237060547,731550.6,10534607872.0,The Magnum Ice Cream Company N.V. Ordinary Shares,NYSE
OSW,23.5,731208.6,2390802176.0,OneSpaWorld Holdings Limited - Common Shares,NASDAQ
MNTK,2.9000000953674316,730778.0,412789312.0,"Montauk Renewables, Inc. - Common Stock",NASDAQ
ANDG,57.0099983215332,730079.2,1057637632.0,Andersen Group Inc. Class A Common Stock,NYSE
CYRX,17.440000534057617,729634.2,883320320.0,"CryoPort, Inc. - Common Stock",NASDAQ
SSYS,8.699999809265137,729146.4,761568960.0,"Stratasys, Ltd. - Common Stock",NASDAQ
BHF,49.8849983215332,728389.2,2871264768.0,"Brighthouse Financial, Inc. - Common Stock",NASDAQ
KODK,9.829999923706055,726800.8,955081600.0,Eastman Kodak Company Common New,NYSE
CHKP,130.2949981689453,726497.4,13274613760.0,Check Point Software Technologies Ltd. - Ordinary Shares,NASDAQ
ICHR,63.474998474121094,724695.6,2369729024.0,Ichor Holdings - Ordinary Shares,NASDAQ
AURA,6.070000171661377,724541.8,622747392.0,"Aura Biosciences, Inc. - Common Stock",NASDAQ
MKTX,164.19500732421875,723582.6,5779379712.0,"MarketAxess Holdings, Inc. - Common Stock",NASDAQ
VOYA,96.8499984741211,722142.8,8780598272.0,"Voya Financial, Inc. Common Stock",NYSE
ZGN,12.34000015258789,721242.2,3311372544.0,Ermenegildo Zegna N.V. Ordinary Shares,NYSE
BNTX,96.70999908447266,720827.4,24214843392.0,BioNTech SE - American Depositary Shares,NASDAQ
AUPH,15.824999809265137,720757.8,2104204160.0,Aurinia Pharmaceuticals Inc - Common Shares,NASDAQ
ASND,227.4499969482422,720084.2,14980198400.0,Ascendis Pharma A/S - Ordinary Share,NASDAQ
ETRA,10.055000305175781,719274.6,645244288.0,"Electra Therapeutics, Inc. - Common stock",NASDAQ
ALGN,144.9199981689453,715849.4,10251051008.0,"Align Technology, Inc. - Common Stock",NASDAQ
MRX,73.11499786376953,715696.8,5263548928.0,Marex Group Limited - Ordinary Shares,NASDAQ
KRP,14.574999809265137,713882.2,1875620992.0,Kimbell Royalty Partners Common Units Representing Limited Partner Interests,NYSE
MATW,19.290000915527344,713652.8,600229312.0,Matthews International Corporation - Class A Common Stock,NASDAQ
PRDO,32.27000045776367,713118.0,2019987328.0,Perdoceo Education Corporation - Common Stock,NASDAQ
WAB,287.82000732421875,712477.6,48737538048.0,Westinghouse Air Brake Technologies Corporation Common Stock,NYSE
NTES,117.0199966430664,711551.0,75229224960.0,"NetEase, Inc. - American Depositary Shares, each representing 5 ordinary shares",NASDAQ
JKS,9.149999618530273,710360.0,481470560.0,JinkoSolar Holding Company Limited American Depositary Shares (each representing 4 Common Shares),NYSE
SIG,102.0625,709853.8,3921003776.0,Signet Jewelers Limited Common Shares,NYSE
JAZZ,237.72000122070312,708897.0,15414616064.0,Jazz Pharmaceuticals plc - Ordinary Shares,NASDAQ
ENR,21.6299991607666,706134.6,1487928832.0,"Energizer Holdings, Inc. Common Stock",NYSE
OPAL,1.7699999809265137,704599.4,309201312.0,OPAL Fuels Inc. - Class A Common Stock,NASDAQ
GOOS,7.65500020980835,704012.0,750033472.0,Canada Goose Holdings Inc. Subordinate Voting Shares,NYSE
CBSH,55.08000183105469,703932.0,7910284800.0,"Commerce Bancshares, Inc. - Common Stock",NASDAQ
THO,70.05000305175781,703737.6,3617134336.0,"Thor Industries, Inc. Common Stock",NYSE
CINF,161.6750030517578,703267.4,24823539712.0,Cincinnati Financial Corporation - Common Stock,NASDAQ
BLSH,34.310001373291016,702460.0,5154527744.0,Bullish Ordinary Shares,NYSE
DSX,2.8399999141693115,701018.0,352190368.0,Diana Shipping inc. common stock,NYSE
HPP,11.390000343322754,700553.6,621377088.0,"Hudson Pacific Properties, Inc. Common Stock",NYSE
TFSL,16.809999465942383,699516.0,4715644928.0,TFS Financial Corporation - Common Stock,NASDAQ
MSM,130.5050048828125,699352.4,7291851264.0,"MSC Industrial Direct Company, Inc. Common Stock",NYSE
ZWS,48.189998626708984,698639.8,7969819648.0,Zurn Elkay Water Solutions Corporation Common Stock,NYSE
RYTM,93.66000366210938,698408.2,6410069504.0,"Rhythm Pharmaceuticals, Inc. - Common Stock",NASDAQ
LINC,22.06999969482422,698114.2,699141440.0,Lincoln Educational Services Corporation - Common Stock,NASDAQ
LASR,40.40999984741211,697872.2,2335876096.0,"nLIGHT, Inc. - Common Stock",NASDAQ
LYNX,12.800000190734863,697664.6,1489949568.0,Lyntris Inc. Common Stock,NYSE
ASC,19.229999542236328,696733.0,778921920.0,Ardmore Shipping Corporation Common Stock,NYSE
BAND,62.20000076293945,696055.8,2020631680.0,Bandwidth Inc. - Class A Common Stock,NASDAQ
RPM,98.79499816894531,695893.2,12659633152.0,RPM International Inc. Common Stock,NYSE
LTM,47.66999816894531,695064.4,14009261056.0,"LATAM Airlines Group S.A. American Depositary Shares (each representing two thousand (2,000) shares of Common Stock)",NYSE
TBBB,52.584999084472656,694652.4,6328942592.0,BBB Foods Inc. Class A Common Shares,NYSE
GRMN,282.4649963378906,692475.8,54329503744.0,Garmin Ltd. Common Stock (Switzerland),NYSE
OR,34.16999816894531,692139.6,6443245568.0,OR Royalties Inc. Common Shares,NYSE
CHA,10.975000381469727,692130.0,2091719936.0,"Chagee Holdings Limited - American Depositary Shares, each representing 1 Class A ordinary share",NASDAQ
ODD,19.09000015258789,689852.4,883746432.0,ODDITY Tech Ltd. - Class A Ordinary Shares,NASDAQ
ERII,6.784999847412109,689568.8,347870848.0,"Energy Recovery, Inc. - Common Stock",NASDAQ
GDYN,8.0649995803833,689441.2,655245632.0,"Grid Dynamics Holdings, Inc. - Class A Common Stock",NASDAQ
BBOT,3.9600000381469727,687960.2,315886592.0,"BridgeBio Oncology Therapeutics, Inc. - Common Stock",NASDAQ
CRC,52.290000915527344,687637.6,4654606336.0,California Resources Corporation Common Stock,NYSE
NPKI,11.869999885559082,684715.6,1007880448.0,NPK International Inc. Common Stock,NYSE
PTGX,138.84500122070312,684639.0,8966627328.0,"Protagonist Therapeutics, Inc. - Common Stock",NASDAQ
BC,66.08999633789062,684244.2,4269502464.0,Brunswick Corporation Common Stock,NYSE
LFTO,15.3149995803833,684220.0,2577225728.0,"Liftoff Mobile, Inc. - Common Stock",NASDAQ
POST,72.6500015258789,684115.6,3304922624.0,"Post Holdings, Inc. Common Stock",NYSE
RLI,55.84000015258789,684048.2,5121851392.0,RLI Corp. Common Stock (DE),NYSE
HSLV,5.099999904632568,683528.2,1062392256.0,Highlander Silver Corp. Common Shares,AMEX
WWW,19.200000762939453,683149.6,1571570304.0,"Wolverine World Wide, Inc. Common Stock",NYSE
GOOD,12.895000457763672,682755.8,631805056.0,Gladstone Commercial Corporation - Real Estate Investment Trust,NASDAQ
GDRX,3.265000104904175,681860.8,1125779712.0,"GoodRx Holdings, Inc. - Class A Common Stock",NASDAQ
GPC,126.74500274658203,681792.0,17527490560.0,Genuine Parts Company Common Stock,NYSE
MNRO,14.220000267028809,678955.0,443393152.0,"Monro, Inc.  - Common Stock",NASDAQ
WAT,425.95001220703125,678864.6,41840431104.0,Waters Corporation Common Stock,NYSE
URGN,41.150001525878906,678744.8,2004103168.0,UroGen Pharma Ltd. - Ordinary Shares,NASDAQ
NHP,16.190000534057617,677804.0,1182152704.0,"National Healthcare Properties, Inc. - Class A Common Stock",NASDAQ
HBNC,19.364999771118164,677746.0,997110592.0,"Horizon Bancorp, Inc. - Common Stock",NASDAQ
VVR,2.890000104904175,677455.0,444843328.0,Invesco Senior Income Trust Common Stock (DE),NYSE
CRL,289.1000061035156,676520.4,13766278144.0,"Charles River Laboratories International, Inc. Common Stock",NYSE
MTH,63.78499984741211,676054.8,4160062464.0,Meritage Homes Corporation Common Stock,NYSE
WWD,330.6700134277344,675559.8,19594356736.0,"Woodward, Inc. - Common Stock",NASDAQ
CLB,10.100000381469727,675497.6,462975040.0,Core Laboratories Inc. Common Stock,NYSE
MRTN,13.335000038146973,675279.4,1088399104.0,"Marten Transport, Ltd. - Common Stock",NASDAQ
NJR,51.5099983215332,674246.8,5211085312.0,NewJersey Resources Corporation Common Stock,NYSE
SRZN,29.450000762939453,674052.2,343438944.0,"Surrozen, Inc. - Common Stock",NASDAQ
EXPO,67.58999633789062,672502.2,3213639680.0,"Exponent, Inc. - Common Stock",NASDAQ
PVH,75.41999816894531,671853.0,3486636032.0,PVH Corp. Common Stock,NYSE
SNDR,32.90999984741211,671666.2,5774411264.0,"Schneider National, Inc. Common Stock",NYSE
EH,4.239999771118164,671059.8,318656672.0,EHang Holdings Limited - ADS,NASDAQ
MAZE,26.40999984741211,670017.4,1467053568.0,"Maze Therapeutics, Inc. - Common Stock",NASDAQ
CRS,387.32501220703125,668121.6,19185113088.0,Carpenter Technology Corporation Common Stock,NYSE
HLI,127.37999725341797,668044.4,8904239104.0,"Houlihan Lokey, Inc. Class A Common Stock",NYSE
RNST,39.845001220703125,667812.8,3651608320.0,Renasant Corporation Common Stock,NYSE
EBS,6.309999942779541,667621.0,323278368.0,Emergent BioSolutions Inc. Common Stock,NYSE
RUSHA,47.084999084472656,667199.2,5499169792.0,"Rush Enterprises, Inc. - Class A Common Stock",NASDAQ
CDNL,30.40999984741211,667081.6,601657600.0,Cardinal Infrastructure Group Inc. - Class A Common Stock,NASDAQ
OFRM,16.145000457763672,665596.0,678778944.0,"Once Upon a Farm, PBC Common Stock",NYSE
ZLAB,23.959999084472656,665243.8,2708983808.0,Zai Lab Limited - American Depositary Shares,NASDAQ
ACIW,50.05500030517578,665211.4,5058867200.0,"ACI Worldwide, Inc. - Common Stock",NASDAQ
ITG,7.070000171661377,662912.0,888975040.0,"ITG, Inc. - Class A Common Stock",NASDAQ
MSI,449.0199890136719,662823.4,74146185216.0,"Motorola Solutions, Inc. Common Stock",NYSE
GTY,28.270000457763672,661914.6,1750527744.0,Getty Realty Corporation Common Stock,NYSE
RVLV,20.739999771118164,661314.8,1475117568.0,"Revolve Group, Inc. Class A Common Stock",NYSE
AVBP,28.239999771118164,660817.2,1388012544.0,"ArriVent BioPharma, Inc. - Common Stock",NASDAQ
WHD,63.97999954223633,660348.2,4449673728.0,"Cactus, Inc. Class A Common Stock",NYSE
DOLE,12.744999885559082,658868.6,1206711296.0,Dole plc Ordinary Shares,NYSE
MEC,16.6200008392334,658861.2,422413024.0,"Mayville Engineering Company, Inc. Common Stock",NYSE
IIPR,50.79999923706055,656465.0,1403519488.0,"Innovative Industrial Properties, Inc. Common Stock",NYSE
ALSN,117.52999877929688,656447.2,9697552384.0,"Allison Transmission Holdings, Inc. Common Stock",NYSE
MCK,886.0599975585938,655502.8,103503675392.0,McKesson Corporation Common Stock,NYSE
BCAX,17.809999465942383,654598.4,1170599296.0,Bicara Therapeutics Inc. - Common Stock,NASDAQ
OPRT,8.4399995803833,654107.2,392731136.0,Oportun Financial Corporation - common stock,NASDAQ
ANAB,48.6150016784668,653767.0,1456795264.0,"AnaptysBio, Inc. - Common Stock",NASDAQ
SPXC,173.14999389648438,653653.4,8688143360.0,"SPX Technologies, Inc. Common Stock",NYSE
SOLV,88.6050033569336,653419.6,15057990656.0,Solventum Corporation Common Stock,NYSE
CARS,10.079999923706055,653328.0,538271424.0,Cars.com Inc. Common Stock ,NYSE
MTW,23.209999084472656,652338.4,839161984.0,"Manitowoc Company, Inc. (The) Common Stock",NYSE
TWI,6.925000190734863,651714.8,449214784.0,"Titan International, Inc. (DE) Common Stock",NYSE
CRCT,6.525000095367432,651339.6,1366624896.0,"Cricut, Inc. - Class A common stock",NASDAQ
EPR,56.61000061035156,651100.6,4326488576.0,EPR Properties Common Stock,NYSE
BBAR,12.510000228881836,650962.4,2546831616.0,Banco BBVA Argentina S.A. ADS,NYSE
HZO,52.38999938964844,650821.0,1157345024.0,"MarineMax, Inc.  (FL) Common Stock",NYSE
EXG,9.418899536132812,650521.0,2883447040.0,Eaton Vance Tax-Managed Global Diversified Equity Income Fund Common Shares of Beneficial Interest,NYSE
NRDS,8.6899995803833,650163.6,555492352.0,"NerdWallet, Inc. - Class A Common Stock",NASDAQ
NMFC,6.934999942779541,649768.8,657860928.0,New Mountain Finance Corporation - Common Stock,NASDAQ
RH,120.6449966430664,648077.8,2283907072.0,RH Common Stock,NYSE
ORA,92.69000244140625,646754.8,5709375488.0,"Ormat Technologies, Inc. Common Stock",NYSE
SWX,82.33000183105469,646323.6,5972073984.0,"Southwest Gas Holdings, Inc. Common Stock (DE)",NYSE
EDU,55.220001220703125,645921.0,8552207360.0,"New Oriental Education & Technology Group, Inc. Sponsored ADR representing 10 Ordinary Share (Cayman Islands)",NYSE
LCLN,24.209999084472656,645137.6,2539657472.0,"Lincoln International, Inc. Class A Common Stock",NYSE
COLM,57.130001068115234,645059.2,2924922880.0,Columbia Sportswear Company - Common Stock,NASDAQ
VTEX,3.6549999713897705,644649.4,623126720.0,VTEX Class A Common Shares,NYSE
HCC,89.87999725341797,643838.4,4757996032.0,"Warrior Met Coal, Inc. Common Stock",NYSE
DRS,36.7400016784668,642980.0,9768228864.0,"Leonardo DRS, Inc. - Common Stock",NASDAQ
DLB,59.05500030517578,642792.6,5536293888.0,Dolby Laboratories Common Stock,NYSE
NVA,5.747000217437744,642489.0,2807673600.0,Nova Minerals Corp Common Stock,AMEX
KFY,72.5,642390.2,4041348352.0,Korn Ferry Common Stock,NYSE
FTK,30.940000534057617,640880.0,1122833280.0,"Flotek Industries, Inc. Common Stock",NYSE
CHRD,136.66000366210938,640808.4,7482669056.0,Chord Energy Corporation - Common Stock,NASDAQ
PCN,10.885000228881836,640222.0,824275008.0,Pimco Corporate & Income Strategy Fund Common Stock,NYSE
CODI,10.890000343322754,640006.4,817814976.0,D/B/A Compass Diversified Holdings Shares of Beneficial Interest,NYSE
XMTR,103.53500366210938,639997.6,5737282048.0,"Xometry, Inc. - Class A Common Stock",NASDAQ
CVLT,151.7100067138672,639806.2,6282996224.0,"Commvault Systems, Inc. - Common Stock",NASDAQ
XMAX,8.601499557495117,638852.0,556514560.0,"XMAX, Inc. - Common Stock",NASDAQ
MSDL,13.529999732971191,638340.2,1142568064.0,Morgan Stanley Direct Lending Fund Common Stock,NYSE
KLIC,101.86499786376953,637874.2,5311405056.0,"Kulicke and Soffa Industries, Inc. - Common Stock",NASDAQ
HCSG,20.8799991607666,637413.2,1430638208.0,"Healthcare Services Group, Inc. - Common Stock",NASDAQ
OBE,10.489999771118164,636611.4,699951168.0,Obsidian Energy Ltd. Common Shares,AMEX
AMCX,11.0649995803833,636046.2,454780928.0,AMC Global Media Inc. - Class A Common Stock,NASDAQ
AVNT,41.93000030517578,634668.6,3830208256.0,Avient Corporation Common Stock,NYSE
PBLS,29.549999237060547,634589.2,3683761152.0,"Parabilis Medicines, Inc. - Common Stock",NASDAQ
IMO,125.81999969482422,634134.4,62512758784.0,Imperial Oil Limited Common Stock,AMEX
FCN,136.72999572753906,633604.6,3769118208.0,"FTI Consulting, Inc. Common Stock",NYSE
DPZ,297.0,632791.0,9836854272.0,Domino's Pizza Inc - Common Stock,NASDAQ
IEX,233.1999969482422,631157.8,17197377536.0,IDEX Corporation Common Stock,NYSE
ROAD,91.87999725341797,631005.6,5208173568.0,"Construction Partners, Inc. - Common Stock",NASDAQ
SCTX,16.639999389648438,630702.8,315401792.0,Scribe Therapeutics Inc. - Common Stock,NASDAQ
MFIC,8.65999984741211,630027.8,714582528.0,MidCap Financial Investment Corporation - Closed End Fund,NASDAQ
CAAP,24.565000534057617,629638.6,3997698560.0,Corporacion America Airports SA Common Shares,NYSE
TRAX,32.599998474121094,628980.4,1181618944.0,"First Tracks Biotherapeutics, Inc. - Ordinary Shares",NASDAQ
HIO,3.309999942779541,627187.8,314302912.0,"Western Asset High Income Opportunity Fund, Inc. Common Stock",NYSE
JXN,131.72000122070312,625548.8,8930712576.0,Jackson Financial Inc. Class A Common Stock ,NYSE
INGR,95.84500122070312,625159.8,6056191488.0,Ingredion Incorporated Common Stock,NYSE
SENS,9.880000114440918,625069.2,523453088.0,"Senseonics Holdings, Inc. - Common Stock",NASDAQ
AIP,24.6200008392334,624484.8,1198328192.0,"Arteris, Inc.  - Common Stock",NASDAQ
LIVN,75.7300033569336,623461.8,4167823872.0,LivaNova PLC - Ordinary Shares,NASDAQ
BFAM,64.62000274658203,623411.0,3134545152.0,Bright Horizons Family Solutions Inc. Common Stock,NYSE
ONTO,329.8125,622892.6,20043597824.0,Onto Innovation Inc. Common Stock,NYSE
ANGO,15.140000343322754,621877.4,640909760.0,"AngioDynamics, Inc. - Common Stock",NASDAQ
SSB,101.5,620783.0,9872987136.0,SouthState Bank Corporation Common Stock,NYSE
POOL,162.27000427246094,620064.4,5929901568.0,Pool Corporation - Common Stock,NASDAQ
ARVN,7.389400005340576,619503.8,482550112.0,"Arvinas, Inc. - Common Stock",NASDAQ
CTOS,9.694999694824219,619351.2,2210216192.0,"Custom Truck One Source, Inc. Common Stock",NYSE
AUGO,82.20999908447266,618034.2,6910620160.0,Aura Minerals Inc. - Common Shares,NASDAQ
TNL,62.81999969482422,615842.6,3850046976.0,Travel   Leisure Co. Common  Stock,NYSE
ALV,111.94999694824219,615584.4,8192314880.0,"Autoliv, Inc. Common Stock",NYSE
TMDX,79.18000030517578,614779.4,2720462080.0,"TransMedics Group, Inc. - Common Stock",NASDAQ
NDMO,8.930000305175781,614074.6,538007104.0,Nuveen Dynamic Municipal Opportunities Fund Common Shares of Beneficial Interest,NYSE
PHVS,31.229999542236328,613543.2,2183360000.0,Pharvaris N.V. - Ordinary Shares,NASDAQ
SPNT,24.530000686645508,613105.6,2853593600.0,SiriusPoint Ltd. Common Shares,NYSE
MOH,187.0500030517578,612971.8,9777843200.0,Molina Healthcare Inc Common Stock,NYSE
KEP,11.0649995803833,612950.8,14219504640.0,Korea Electric Power Corporation Common Stock,NYSE
BATRK,51.814998626708984,610862.6,3323897088.0,"Atlanta Braves Holdings, Inc. - Series C Common Stock",NASDAQ
KNSA,75.8499984741211,610293.4,5853829120.0,"Kiniksa Pharmaceuticals International, plc - Class A Ordinary Shares",NASDAQ
PFN,6.375,610078.8,631453376.0,PIMCO Income Strategy Fund II,NYSE
PEBO,37.349998474121094,608756.4,1345859968.0,Peoples Bancorp Inc. - Common Stock,NASDAQ
PRKS,32.369998931884766,608617.8,1474045824.0,United Parks & Resorts Inc. Common Stock,NYSE
URI,1078.8299560546875,608240.0,66855899136.0,"United Rentals, Inc. Common Stock",NYSE
VGNT,46.72999954223633,608210.2,3300215040.0,Versigent PLC Ordinary Shares,NYSE
ELMT,22.280000686645508,608063.4,678637632.0,The Elmet Group Co. - Common Stock,NASDAQ
ANRO,23.93000030517578,607258.0,941025664.0,"Alto Neuroscience, Inc. Common Stock",NYSE
NTCT,41.2599983215332,607139.4,2983908096.0,"NetScout Systems, Inc. - Common Stock",NASDAQ
AMN,36.6349983215332,605803.4,1419845376.0,AMN Healthcare Services Inc,NYSE
TYL,323.25,605417.8,13261370368.0,"Tyler Technologies, Inc. Common Stock",NYSE
ELPC,12.635000228881836,605147.0,9387681792.0,Companhia Paranaense de Energia (COPEL) American Depositary Shares (each representing four (4) Common Shares),NYSE
JANX,16.940000534057617,603343.0,1033211392.0,"Janux Therapeutics, Inc. - Common Stock",NASDAQ
OSK,134.11500549316406,602264.0,8365986816.0,Oshkosh Corporation (Holding Company)Common Stock,NYSE
IRON,64.95500183105469,600510.0,2478258176.0,"Disc Medicine, Inc. - Common Stock",NASDAQ
INSW,115.04499816894531,600386.2,5671830528.0,"International Seaways, Inc. Common Stock ",NYSE
CHEF,116.47000122070312,600090.6,4777221120.0,"The Chefs' Warehouse, Inc. - Common Stock",NASDAQ
HRI,138.1199951171875,599970.2,4650982400.0,Herc Holdings Inc. Common Stock ,NYSE
LXU,9.925000190734863,599864.6,717095168.0,"LSB Industries, Inc. Common Stock",NYSE
SKE,29.979999542236328,599515.0,3740043264.0,Skeena Resources Limited Common Shares,NYSE
NMR,9.680000305175781,599067.6,28334526464.0,Nomura Holdings Inc ADR American Depositary Shares,NYSE
LOGI,104.51499938964844,598606.4,14938122240.0,Logitech International S.A. - Registered Shares,NASDAQ
PCTY,145.73500061035156,598036.8,7716073984.0,Paylocity Holding Corporation - Common Stock,NASDAQ
LZB,29.8799991607666,597585.4,1199380224.0,La-Z-Boy Incorporated Common Stock,NYSE
VGM,8.869999885559082,596726.8,481579872.0,Invesco Trust for Investment Grade Municipals Common Stock (DE),NYSE
EFOR,34.5,595808.2,1410195072.0,"Everforth, Inc. Common Stock",NYSE
AVY,171.33999633789062,595056.0,13101273088.0,Avery Dennison Corporation Common Stock,NYSE
GVA,119.05999755859375,594647.8,5296129536.0,Granite Construction Incorporated Common Stock,NYSE
HII,268.69500732421875,594376.6,10551566336.0,"Huntington Ingalls Industries, Inc. Common Stock",NYSE
VMO,8.454999923706055,594086.0,570548224.0,Invesco Municipal Opportunity Trust Common Stock,NYSE
DEC,13.470000267028809,593217.0,930276480.0,Diversified Energy Company Common Stock,NYSE
WBI,28.899999618530273,593101.8,3562946304.0,WaterBridge Infrastructure LLC Class A Shares Representing Limited Liability Company Interests,NYSE
ROK,451.93499755859375,592980.8,50341142528.0,"Rockwell Automation, Inc. Common Stock",NYSE
MAMA,12.90999984741211,592978.8,610088192.0,"Mama's Creations, Inc. - Common Stock",NASDAQ
BRVE,21.274999618530273,592594.8,1926833920.0,"Braveheart Bio, Inc. - Common Stock",NASDAQ
HLNE,88.80000305175781,592219.6,5957591552.0,Hamilton Lane Incorporated - Class A Common Stock,NASDAQ
ALIT,8.899999618530273,592029.0,325070784.0,"Alight, Inc. Class A Common Stock",NYSE
HNRG,13.789999961853027,591421.0,650578304.0,Hallador Energy Company - Common Stock,NASDAQ
DXYZ,32.18000030517578,590972.8,1000949376.0,Destiny Tech100 Inc. Common Stock,NYSE
VIA,29.760000228881836,590894.2,2409713664.0,"Via Transportation, Inc. Class A Common Stock",NYSE
AN,164.3800048828125,589604.0,5400317440.0,"AutoNation, Inc. Common Stock",NYSE
WERN,35.45000076293945,589579.4,2120435584.0,"Werner Enterprises, Inc. - Common Stock",NASDAQ
CRUS,121.66000366210938,589460.2,6107325952.0,"Cirrus Logic, Inc. - Common Stock",NASDAQ
UMH,15.40999984741211,589307.4,1315792128.0,"UMH Properties, Inc. Common Stock",NYSE
HTLD,11.90999984741211,589160.0,923737984.0,"Heartland Express, Inc. - Common Stock",NASDAQ
GIII,27.218599319458008,588989.4,1166241024.0,"G-III Apparel Group, LTD. - Common Stock",NASDAQ
WEX,170.85000610351562,588716.4,5821650432.0,WEX Inc. common stock,NYSE
BOOT,120.5199966430664,588349.4,3659620352.0,"Boot Barn Holdings, Inc. Common Stock",NYSE
ABX,8.25,584934.2,807275008.0,"Abacus Global Management, Inc. Class A Common Stock",NYSE
CWST,82.3949966430664,584740.2,5255395328.0,"Casella Waste Systems, Inc. - Class A Common Stock",NASDAQ
TLS,4.244999885559082,584571.6,317257664.0,Telos Corporation - Common Stock,NASDAQ
LPG,57.149898529052734,583608.2,2443746560.0,Dorian LPG Ltd. Common Stock,NYSE
VC,88.16999816894531,583478.4,2369628160.0,Visteon Corporation - Common Stock,NASDAQ
TCBI,93.47000122070312,582351.8,4066592512.0,"Texas Capital Bancshares, Inc. - Common Stock",NASDAQ
GOTU,2.5450000762939453,581765.6,599392320.0,Gaotu Techedu Inc. American Depositary Shares,NYSE
ARKO,4.150000095367432,578378.8,467253504.0,ARKO Corp. - Common Stock,NASDAQ
INNV,8.979999542236328,576372.8,1227380480.0,InnovAge Holding Corp. - Common Stock,NASDAQ
UHS,174.60000610351562,575851.4,10262026240.0,"Universal Health Services, Inc. Common Stock",NYSE
AVA,35.26499938964844,575553.8,2948099840.0,Avista Corporation Common Stock,NYSE
LOAR,61.880001068115234,575497.4,5772146688.0,Loar Holdings Inc. Common Stock,NYSE
CASY,618.280029296875,575300.4,22799249408.0,"Caseys General Stores, Inc. - Common Stock",NASDAQ
BDJ,9.430000305175781,574564.6,1667703680.0,Blackrock Enhanced Equity Dividend Trust,NYSE
BIOA,6.65500020980835,574534.4,305443936.0,"BioAge Labs, Inc. - Common Stock",NASDAQ
NFGC,1.5950000286102295,574410.4,616893824.0,New Found Gold Corp Common Shares,AMEX
ORN,9.380000114440918,573082.6,381465632.0,"Orion Group Holdings, Inc. Common",NYSE
OGS,72.31500244140625,572230.8,4551422976.0,"ONE Gas, Inc. Common Stock",NYSE
RDNT,70.12999725341797,571318.4,5525763072.0,"RadNet, Inc. - Common Stock",NASDAQ
WDS,21.739999771118164,570644.2,41367941120.0,"Woodside Energy Group Limited American Depositary Shares, each representing one Ordinary Share",NYSE
LH,306.54998779296875,570310.4,24871747584.0,Labcorp Holdings Inc. Common Stock,NYSE
AMSC,30.350000381469727,570244.8,1467070336.0,American Superconductor Corporation - Common Stock,NASDAQ
PFSI,62.29999923706055,569890.8,3238554368.0,"PennyMac Financial Services, Inc. Common Stock",NYSE
LAND,9.604999542236328,569621.0,414111104.0,Gladstone Land Corporation - Common Stock,NASDAQ
FVRR,8.489999771118164,569105.6,306659712.0,"Fiverr International Ltd. Ordinary Shares, no par value",NYSE
AAT,21.579999923706055,568786.6,1674789632.0,"American Assets Trust, Inc. Common Stock",NYSE
ITRI,86.7300033569336,566171.8,3801127936.0,"Itron, Inc. - Common Stock",NASDAQ
DQ,11.029999732971191,563381.4,745004160.0,"DAQO New Energy Corp. American Depositary Shares, each representing five ordinary shares",NYSE
SUPN,42.43000030517578,563044.2,2480348416.0,"Supernus Pharmaceuticals, Inc. - Common Stock",NASDAQ
MRCY,84.12000274658203,562413.8,5128980480.0,Mercury Systems Inc - Common Stock,NASDAQ
SDRL,44.52000045776367,562342.8,2768709632.0,Seadrill Limited Common Shares,NYSE
RACE,387.17999267578125,562306.2,68096004096.0,Ferrari N.V. Common Shares,NYSE
AYI,310.8299865722656,561832.2,9250981888.0,Acuity Inc. Common Stock,NYSE
UMBF,130.32000732421875,561171.8,9921352704.0,UMB Financial Corporation - Common Stock,NASDAQ
SUNC,75.55999755859375,561041.6,3897276160.0,"SunocoCorp LLC Common Units, representing limited liability company interests",NYSE
JBTM,108.95999908447266,560773.8,5648347648.0,JBT Marel Corporation Common Stock,NYSE
LTC,43.29999923706055,560289.0,2338692864.0,"LTC Properties, Inc. Common Stock",NYSE
THM,2.4677000045776367,560028.2,653928320.0,"International Tower Hill Mines, Ltd. Ordinary Shares (Canada)",AMEX
DBI,6.010000228881836,558511.8,307762880.0,Designer Brands Inc. Class A Common Stock,NYSE
AMP,490.989990234375,558373.6,43485728768.0,"Ameriprise Financial, Inc. Common Stock",NYSE
SPIR,11.220000267028809,557872.2,438870848.0,"Spire Global, Inc. Class A Common Stock",NYSE
MANE,116.51000213623047,556709.8,4859030016.0,"Veradermics, Incorporated Common Stock",NYSE
MMSI,86.2300033569336,556655.0,5141962752.0,"Merit Medical Systems, Inc. - Common Stock",NASDAQ
IMXI,11.390999794006348,555200.4,344865728.0,"International Money Express, Inc. - Common Stock",NASDAQ
MITK,17.809999465942383,555142.2,804983168.0,"Mitek Systems, Inc. - Common Stock",NASDAQ
VRSN,286.1000061035156,555090.2,25973729280.0,"VeriSign, Inc. - Common Stock",NASDAQ
PDFS,55.5,554928.8,2342554624.0,"PDF Solutions, Inc. - Common Stock",NASDAQ
NMG,1.1649999618530273,554512.0,383797696.0,Nouveau Monde Graphite Inc. Common Shares,NYSE
FTDR,77.79000091552734,554121.6,5359899648.0,"Frontdoor, Inc. - Common Stock",NASDAQ
LIF,42.755001068115234,553870.6,3482471168.0,"Life360, Inc. - Common Stock",NASDAQ
ATTO,17.1200008392334,553771.8,785201792.0,"Attovia Therapeutics, Inc. - Common Stock",NASDAQ
RMIX,12.430000305175781,552587.0,1197950080.0,"Suncrete, Inc. - Class A Common Stock",NASDAQ
SEIC,103.46499633789062,552126.2,12413584384.0,SEI Investments Company - Common Stock,NASDAQ
KN,40.099998474121094,551482.6,3422391808.0,Knowles Corporation Common Stock,NYSE
WGO,26.350000381469727,551308.4,746581440.0,"Winnebago Industries, Inc. Common Stock",NYSE
FLOC,18.787500381469727,550821.6,2046447616.0,Flowco Holdings Inc. Class A Common Stock,NYSE
ECO,86.73999786376953,550322.0,3376581888.0,Okeanis Eco Tankers Corp. Common Stock,NYSE
GFR,5.804999828338623,549829.8,1390793216.0,Greenfire Resources Ltd. Common Shares,NYSE
GRFS,7.315000057220459,549731.2,4971632128.0,"Grifols, S.A. - American Depositary Shares",NASDAQ
PKG,229.10000610351562,548639.8,20440930304.0,Packaging Corporation of America Common Stock,NYSE
LEA,120.875,548183.8,8070525440.0,Lear Corporation Common Stock,NYSE
IDT,78.09500122070312,547820.6,1942385152.0,IDT Corporation Class B Common Stock,NYSE
SCHL,36.14500045776367,546919.4,669459456.0,Scholastic Corporation - Common Stock,NASDAQ
DY,275.435791015625,546775.4,8315225088.0,"Dycom Industries, Inc. Common Stock",NYSE
ARCT,12.850000381469727,546617.0,365662752.0,Arcturus Therapeutics Holdings Inc. - Common Stock,NASDAQ
INDP,2.319999933242798,546396.8,315118080.0,"Indaptus Therapeutics, Inc. - Common Stock",NASDAQ
TTC,98.86499786376953,545144.0,9360314368.0,Toro Company (The) Common Stock,NYSE
CPAY,395.7799987792969,544459.2,26066382848.0,"Corpay, Inc. Common Stock",NYSE
RGLD,234.88499450683594,544308.0,19869528064.0,"Royal Gold, Inc. - Common Stock",NASDAQ
RHP,121.44999694824219,543047.8,8365724160.0,"Ryman Hospitality Properties, Inc. (REIT)",NYSE
PBH,45.459999084472656,542766.4,2155237376.0,Prestige Consumer Healthcare Inc. Common Stock,NYSE
WMS,128.7707977294922,542170.0,9697504256.0,"Advanced Drainage Systems, Inc. Common Stock",NYSE
NICE,113.80000305175781,541656.4,6632987136.0,NICE Ltd - American Depositary Shares each representing one Ordinary Share,NASDAQ
SANM,226.0050048828125,540549.0,12234132480.0,Sanmina Corporation - Common Stock,NASDAQ
MSCI,538.989990234375,540496.2,39162036224.0,MSCI Inc. Common Stock,NYSE
MELI,1684.4000244140625,539469.0,85475819520.0,"MercadoLibre, Inc. - Common Stock",NASDAQ
FWRD,15.885000228881836,538801.8,538973696.0,Forward Air Corporation - Common Stock,NASDAQ
FHI,56.76089859008789,538526.2,4247423232.0,"Federated Hermes, Inc. Common Stock",NYSE
LAMR,144.75,536313.8,14718102528.0,Lamar Advertising Company - Class A Common Stock,NASDAQ
BBDC,8.645000457763672,534796.4,905630784.0,"Barings BDC, Inc. Common Stock",NYSE
AGRO,10.1899995803833,534475.8,1458231936.0,Adecoagro S.A. Common Shares,NYSE
QLYS,193.41000366210938,532994.4,6799699968.0,"Qualys, Inc. - Common Stock",NASDAQ
MSGE,79.41999816894531,530714.6,3777322752.0,Madison Square Garden Entertainment Corp. Class A Common Stock,NYSE
JLL,308.5199890136719,529721.2,14202463232.0,Jones Lang LaSalle Incorporated Common Stock,NYSE
SIBN,18.100000381469727,529333.6,798287104.0,"SI-BONE, Inc. - Common Stock",NASDAQ
GIB,70.08000183105469,529226.0,14536692736.0,CGI Inc. Common Stock,NYSE
APMD,21.55500030517578,528818.6,898392256.0,"Apnimed, Inc. - Common Stock",NASDAQ
EZPW,30.680099487304688,528416.4,1884468352.0,"EZCORP, Inc. - Class A Non-Voting Common Stock",NASDAQ
PACK,4.045000076293945,528100.8,347749856.0,Ranpak Holdings Corp Class A Common Stock,NYSE
SUN,74.77999877929688,526704.4,14089116672.0,Sunoco LP Common Units representing limited partner interests,NYSE
SHIP,17.7450008392334,526475.8,382660384.0,Seanergy Maritime Holdings Corp. - Common Stock,NASDAQ
TRON,1.399999976158142,526028.2,664134912.0,Tron Inc. - Common Stock,NASDAQ
PHR,10.145000457763672,524774.4,627226880.0,"Phreesia, Inc. Common Stock",NYSE
TK,14.649999618530273,524437.8,1293009152.0,Teekay Corporation Ltd. Common Stock,NYSE
GTE,10.470000267028809,524121.8,368133344.0,Gran Tierra Energy Inc. Common Stock,AMEX
ZD,55.165000915527344,523491.8,1887853696.0,"Ziff Davis, Inc. - Common Stock",NASDAQ
PAG,203.8000030517578,523222.6,13412297728.0,"Penske Automotive Group, Inc. Common Stock",NYSE
CNA,46.005001068115234,522923.6,12458467328.0,CNA Financial Corporation Common Stock,NYSE
SA,26.8799991607666,522874.4,2908747264.0,"Seabridge Gold, Inc. Common Shares New",NYSE
WTW,287.6650085449219,522837.8,26760120320.0,Willis Towers Watson Public Limited Company - Ordinary Shares,NASDAQ
HIX,3.5450000762939453,521661.4,319297120.0,Western Asset High Income Fund II Inc. Common Stock,NYSE
OXM,25.280000686645508,521535.6,377226336.0,"Oxford Industries, Inc. Common Stock",NYSE
ENS,195.7100067138672,520600.2,7063554048.0,EnerSys Common Stock,NYSE
MNR,10.3100004196167,520393.2,1717895936.0,Mach Natural Resources LP Common Units representing Limited Partner Interests,NYSE
OSBC,24.795000076293945,520168.0,1262989696.0,"Old Second Bancorp, Inc. - Common Stock",NASDAQ
DCI,89.28500366210938,519876.6,10336865280.0,"Donaldson Company, Inc. Common Stock",NYSE
GSAT,83.19999694824219,519734.4,10761535488.0,"Globalstar, Inc. - Common Stock",NASDAQ
REF,13.010000228881836,517796.0,766554176.0,Reformation Inc. Common Stock,NYSE
HROW,30.65999984741211,517707.6,1144129152.0,"Harrow, Inc. - Common Stock",NASDAQ
SOPH,8.029999732971191,516767.8,685704640.0,SOPHiA GENETICS SA - Ordinary Shares,NASDAQ
UNFI,45.400001525878906,515125.2,2751363840.0,"United Natural Foods, Inc. Common Stock",NYSE
BLLN,104.7750015258789,514941.2,4975165440.0,"BillionToOne, Inc. - Class A common stock",NASDAQ
FG,21.950000762939453,514727.8,2876646400.0,"F&G Annuities & Life, Inc. Common Stock",NYSE
EEFT,63.755001068115234,513760.4,2427858432.0,"Euronet Worldwide, Inc. - Common Stock",NASDAQ
LRN,79.21600341796875,513591.6,3277409280.0,"Stride, Inc. Common Stock",NYSE
EGP,195.72000122070312,512779.6,10517522432.0,"EastGroup Properties, Inc. Common Stock",NYSE
FMX,114.57499694824219,512777.6,39031877632.0,Fomento Economico Mexicano S.A.B. de C.V. Common Stock,NYSE
SFBS,40.02000045776367,512540.0,4385282048.0,"ServisFirst Bancshares, Inc. Common Stock",NYSE
ASH,69.4800033569336,512435.2,3176686080.0,Ashland Inc. Common Stock,NYSE
LEU,140.68499755859375,512406.6,2877650176.0,Centrus Energy Corp. Class A Common Stock,NYSE
NP,27.3799991607666,511756.6,3776654592.0,Neptune Insurance Holdings Inc. Class A Common Stock,NYSE
OPFI,6.059999942779541,511540.2,515935936.0,OppFi Inc. Class A Common Stock,NYSE
PRTA,8.539999961853027,511010.4,434310816.0,Prothena Corporation plc - Ordinary Shares,NASDAQ
ALMR,34.130001068115234,510502.8,2367681280.0,"Alamar Biosciences, Inc. - Class A common stock",NASDAQ
QTWO,56.560001373291016,510444.0,3527093248.0,"Q2 Holdings, Inc. Common Stock",NYSE
AMPH,25.350000381469727,509447.2,1081314560.0,"Amphastar Pharmaceuticals, Inc. - Common Stock",NASDAQ
BOH,68.9729995727539,509250.2,2721485568.0,Bank of Hawaii Corporation Common Stock,NYSE
EPC,26.989999771118164,509219.6,1243478912.0,Edgewell Personal Care Company Common Stock,NYSE
TASK,8.104999542236328,508052.0,737163648.0,"TaskUs, Inc. - Class A Common Stock",NASDAQ
MCHB,14.9350004196167,508047.6,3314754816.0,Mechanics Bancorp - Class A Common Stock,NASDAQ
GHRS,22.799999237060547,507091.4,1577056640.0,GH Research PLC - Ordinary Shares,NASDAQ
MAIN,55.064998626708984,506107.8,5162601984.0,Main Street Capital Corporation Common Stock,NYSE
BPOP,157.47999572753906,505494.6,10034271232.0,"Popular, Inc. - Common Stock",NASDAQ
WD,34.279998779296875,505006.0,1175141888.0,"Walker & Dunlop, Inc Common Stock",NYSE
HSHP,18.079999923706055,504848.6,848116608.0,Himalaya Shipping Ltd. Common Shares,NYSE
BLBD,56.60499954223633,503497.0,1785261696.0,Blue Bird Corporation - Common Stock,NASDAQ
VKI,7.590000152587891,503142.4,336387680.0,Invesco Advantage Municipal Income Trust II Common Shares of Beneficial Interest (DE),AMEX
PCRX,25.309999465942383,502055.4,987239424.0,"Pacira BioSciences, Inc. - Common Stock",NASDAQ
PAYC,221.82000732421875,501956.8,9971193856.0,"Paycom Software, Inc. Common Stock",NYSE
KARD,14.970000267028809,501508.6,1410970752.0,"Kardigan, Inc. - Common Stock",NASDAQ
OIG,9.145000457763672,501048.0,1123666304.0,Orion180 Insurance Group Inc. - Class A Common Stock,NASDAQ
OCSL,11.890000343322754,500461.2,1051300736.0,Oaktree Specialty Lending Corporation - Closed End Fund,NASDAQ
